都道府県コード又は市区町村コード,NO,都道府県名,市区町村名,名称,名称_カナ,名称_英語,住所,方書,設置位置,緯度,経度,男性トイレ総数,男性トイレ数（小便器）,男性トイレ数（和式）,男性トイレ数（洋式）,女性トイレ総数,女性トイレ数（和式）,女性トイレ数（洋式）,男女共用トイレ総数,男女共用トイレ数（和式）,男女共用トイレ数（洋式）,多機能トイレ数,車椅子使用者用トイレ有無,乳幼児用設備設置トイレ有無,オストメイト設置トイレ有無,利用開始時間,利用終了時間,利用可能時間特記事項,画像,画像_ライセンス,備考
131083,1,東京都,江東区,江東区立万年橋際公衆便所,コウトウクリツマンエンバシギワコウシュウベンジョ,Public_toilet_at_Mannen-Bridge_KotoCity,江東区清澄2-14-9,,万年橋南東詰め,35.68322,139.794785,2,2,0,0,0,0,0,0,0,0,1,有,無,有,0:00,23:59,,,,
131083,2,東京都,江東区,江東区立清澄児童遊園内公衆便所,コウトウクリツキヨスミジドウユウエンナイコウシュウベンジョ,Public_toilet_in_Kiyosumi-ChildPlaySpace_KotoCity,江東区清澄3-3-16,,清澄児童遊園内,35.681236,139.79866,2,2,0,0,0,0,0,1,0,1,0,無,無,無,0:00,23:59,,,,
131083,3,東京都,江東区,江東区立高橋際公衆便所,コウトウクリツタカバシギワコウシュウベンジョ,Public_toilet_at_Takabashi-Bridge_KotoCity,江東区清澄3-11-1,,高橋南西詰め,35.683472,139.798477,2,2,0,0,0,0,0,1,1,0,1,有,無,無,0:00,23:59,,,,
131083,4,東京都,江東区,江東区立猿子橋際公衆便所,コウトウクリツサルコバシギワコウシュウベンジョ,Public_toilet_at_Saruko-Bridge_KotoCity,江東区常盤1-11-11,,,35.685356,139.796173,1,1,0,0,0,0,0,1,0,1,0,無,無,無,0:00,23:59,,,,
131083,5,東京都,江東区,江東区立新大橋際公衆便所,コウトウクリツシンオオハシギワコウシュウベンジョ,Public_toilet_at_Shinohashi-Bridge_KotoCity,江東区新大橋1-2-1,,新大橋南西詰め,35.687813,139.793106,2,2,0,0,0,0,0,0,0,0,0,無,無,無,0:00,23:59,,,,
131083,6,東京都,江東区,江東区立八名川公園内公衆便所,コウトウクリツヤナガワコウエンナイコウシュウベンジョ,Public_toilet_in_Yanagawa-Park_KotoCity,江東区新大橋3-1-18,,八名川公園内,35.686428,139.796021,2,2,0,0,0,0,0,1,1,0,1,有,無,無,0:00,23:59,,,,
131083,7,東京都,江東区,江東区立森下公園内公衆便所,コウトウクリツモリシタコウエンナイコウシュベンジョ,Public_toilet_in_Morishita-Park_KotoCity,江東区森下2-5-16,,森下公園内,35.686226,139.799454,1,1,0,0,0,0,0,1,0,1,1,有,有,有,0:00,23:59,,,,
131083,8,東京都,江東区,江東区立五間堀公園内公衆便所,コウトウクリツゴケンボリコウエンナイコウシュウベンジョ,Public_toilet_in_Gokenbori-Park_KotoCity,江東区森下2-30-7,,五間堀公園内,35.689262,139.798416,2,2,0,0,0,0,0,1,0,1,0,無,無,無,0:00,23:59,,,,
131083,9,東京都,江東区,江東区立伊予橋際公衆便所,コウトウクリツイヨバシギワコウシュウベンジョ,Public_toilet_at_Iyo-Bridge_KotoCity,江東区森下2-31-2,,新大橋通り沿い,35.688274,139.800369,2,2,0,0,0,0,0,1,0,1,0,無,無,無,0:00,23:59,,,,
131083,10,東京都,江東区,江東区立高森公園内公衆便所,コウトウクリツタカモリコウエンナイコウシュベンジョ,Public_toilet_in_Takamori-Park_KotoCity,江東区森下3-13-9,,高森公園内,35.68515,139.802989,1,1,0,0,0,0,0,1,1,0,1,有,無,有,0:00,23:59,,,,
131083,11,東京都,江東区,江東区立森下四丁目児童遊園内公衆便所,コウトウクリツモリシタヨンチョウメジドウユウエンナイコウシュウベンジョ,Public_toilet_in_Morishita4-ChildPlaySpace_KotoCity,江東区森下4-16-2,,森下四丁目児童遊園内,35.686027,139.803661,1,1,0,0,0,0,0,0,0,0,1,有,無,有,0:00,23:59,,,,
131083,12,東京都,江東区,江東区立平野二丁目児童遊園内公衆便所,コウトウクリツヒラノニチョウメコウシュウベンジョ,Public_toilet_in_Hirano2-ChildPlaySpace_KotoCity,江東区平野2-8-2,,平野二丁目児童遊園内,35.678649,139.80274,1,1,0,0,0,0,0,0,0,0,1,有,有,有,0:00,23:59,,,,
131083,13,東京都,江東区,江東区立永本橋際公衆便所,コウトウクリツナガモトバシギワコウシュウベンジョ,Public_toilet_at_Nagamoto-Bridge_KotoCity,江東区平野2-15-12,,永本橋際,35.677501,139.804367,1,1,0,0,0,0,0,1,0,1,0,無,無,無,0:00,23:59,,,,
131083,14,東京都,江東区,江東区立三好三丁目児童遊園内公衆便所,コウトウクリツミヨシサンチョウメジドウユウエンナイコウシュウベンジョ,Public_toilet_in_Miyoshi3-ChildPlaySpace_KotoCity,江東区三好3-1-10,,三好三丁目児童遊園内,35.680079,139.804514,1,1,0,0,0,0,0,0,0,0,1,有,無,有,0:00,23:59,,,,
131083,15,東京都,江東区,江東区立正覚院前公衆便所,コウトウクリツショウカクインマエコウシュウベンジョ,Public_toilet_in_front_of_Shogakuin-Temple_KotoCity,江東区白河1-3-34,,正覚院前,35.680798,139.799708,2,2,0,0,0,0,0,1,0,1,0,無,無,無,0:00,23:59,,,,
131083,16,東京都,江東区,江東区立白河一丁目公園内公衆便所,コウトウクリツシラカワイチチョウメコウエンナイコウシュベンジョ,Public_toilet_in_Shirakawa1-Park_KotoCity,江東区白河1-5-4,,白河一丁目公園内,35.68323,139.800755,1,1,0,0,0,0,0,0,0,0,1,有,有,有,0:00,23:59,,,,
131083,17,東京都,江東区,江東区立東深川橋際公衆便所,コウトウクリツヒガシフカガワバシギワコウシュウベンジョ,Public_toilet_at_Higashihukagawa-Bridge_KotoCity,江東区白河3-18-17,,東深川橋南東詰め,35.68377,139.803759,1,1,0,0,1,1,0,0,0,0,1,有,無,無,0:00,23:59,,,,
131083,18,東京都,江東区,江東区立元加賀公園内公衆便所,コウトウクリツモトカガコウエンナイコウシュベンジョ,Public_toilet_in_Motokaga-Park_KotoCity,江東区白河4-3-27,,元加賀公園内,35.681761,139.809017,2,1,1,0,1,1,0,0,0,0,1,有,有,有,0:00,23:59,,,,
131083,19,東京都,江東区,江東区立佐賀二丁目公衆便所,コウトウクリツサガニチョウメコウエンナイコウシュベンジョ,Public_toilet_Saga2_KotoCity,江東区佐賀2-1-6,,,35.679932,139.791092,3,2,1,0,1,0,1,0,0,0,1,有,無,有,0:00,23:59,,,,
131083,20,東京都,江東区,江東区立永代橋際公衆便所,コウトウクリツエイタイバシギワコウシュウベンジョ,Public_toilet_at_Eitai-Bridge_KotoCity,江東区永代1-1-4,,永代橋南東詰め,35.675694,139.788923,1,1,0,0,1,1,0,0,0,0,1,有,無,有,0:00,23:59,,,,
131083,21,東京都,江東区,江東区立黒亀橋際公衆便所,コウトウクリツクロキバシギワコウシュウベンジョ,Public_toilet_at_Kuroki-Bridge_KotoCity,江東区深川1-3-10先,,深川一丁目児童遊園内,35.675453,139.795974,1,1,0,0,0,0,0,0,0,0,1,有,無,有,0:00,23:59,,,,
131083,22,東京都,江東区,江東区立亀堀公園内公衆便所,コウトウクリツカメホリコウエンナイコウシュベンジョ,Public_toilet_in_Kamehori-Park_KotoCity,江東区深川1-6-38,,亀堀公園内,35.67723,139.794863,1,1,0,0,0,0,0,1,0,1,0,無,無,無,0:00,23:59,,,,
131083,23,東京都,江東区,江東区立臨海公園内公衆便所,コウトウクリツリンカイコウエンナイコウシュベンジョ,Public_toilet_in_Rinkai-Park_KotoCity,江東区門前仲町1-1-1,,臨海公園内,35.671923,139.792959,2,2,0,0,1,0,1,0,0,0,1,有,有,有,0:00,23:59,,,,
131083,24,東京都,江東区,江東区立門前仲町一丁目公衆便所,コウトウクリツモンゼンナカチョウイチチョウメコウシュウベンジョ,Public_toilet_Monzen-nakacho1_KotoCity,江東区門前仲町1-7-7,,,35.672844,139.794813,3,3,0,0,0,0,0,1,1,0,1,有,無,無,0:00,23:59,,,,
131083,25,東京都,江東区,江東区立油堀川公園内公衆便所,コウトウクリツアブラボリガワコウエンナイコウシュベンジョ,Public_toilet_in_Aburaborigawa-Park_KotoCity,江東区門前仲町1-20-1先,,油堀川公園内,35.67398,139.79562,1,1,0,0,1,0,1,0,0,0,1,有,無,有,0:00,23:59,,,,
131083,26,東京都,江東区,江東区立深川公園内公衆便所,コウトウクリツフカガワコウエンナイコウシュベンジョ,Public_toilet_in_Fukagawa-Park_KotoCity,江東区富岡1-14-10,,深川公園西側広場内,35.672365,139.797476,2,2,0,0,2,2,0,0,0,0,1,有,有,有,0:00,23:59,,,,
131083,27,東京都,江東区,江東区立深川公園内第二公衆便所,コウトウクリツフカガワコウエンナイダイニコウシュベンジョ,Public_toilet_in_Fukagawa-Park_KotoCity,江東区富岡1-16-10,,深川公園東側広場内,35.671976,139.798974,2,2,0,0,0,0,0,1,0,1,0,無,無,無,0:00,23:59,,,,
131083,28,東京都,江東区,江東区立汐見橋際公衆便所,コウトウクリツシオミバシギワコウシュウベンジョ,Public_toilet_at_Shiomi-Bridge_KotoCity,江東区富岡2-13-5,,汐見橋南西詰め,35.669544,139.80144,2,2,1,0,1,1,0,0,0,0,0,有,無,無,0:00,23:59,,,,
131083,29,東京都,江東区,江東区立牡丹町公園内公衆便所,コウトウクリツボタンチョウコウエンナイコウシュウベンジョ,Public_toilet_in_Botancho-Park_KotoCity,江東区牡丹2-1-2,,牡丹町公園内,35.669898,139.795253,2,2,0,0,1,0,1,0,0,0,1,有,有,有,0:00,23:59,,,,
131083,30,東京都,江東区,江東区立古石場川親水公園内公衆便所,コウトウクリツフルイシバガワシンスイコウエンナイコウシュウベンジョ,Public_toilet_in_Furuishibagawashinsui-Park_KotoCity,江東区古石場2-13-先,,古石場川親水公園内,35.667638,139.799246,1,1,0,0,0,0,0,1,0,1,0,無,無,無,0:00,23:59,,,,
131083,31,東京都,江東区,江東区立古石場三丁目公園内公衆便所,コウトウクリツフルイシバサンチョウメコウエンナイコウシュウベンジョ,Public_toilet_in_Furuishiba3-Park_KotoCity,江東区古石場3-1-4,,古石場三丁目公園内,35.665059,139.801555,1,1,0,0,0,0,0,0,0,0,1,有,有,有,0:00,23:59,,,,
131083,32,東京都,江東区,江東区立越中島公園内公衆便所,コウトウクリツエッチュウジマコウエンナイコウシュウベンジョ,Public_toilet_in_Etchujima-Park_KotoCity,江東区越中島1-3-23,,越中島プール際,35.668658,139.790019,3,2,1,0,1,1,0,0,0,0,0,有,無,無,0:00,23:59,,,,
131083,33,東京都,江東区,江東区立越中島公園内第二公衆便所,コウトウクリツエッチュウジマコウエンナイダイニコウシュウベンジョ,Public_toilet_in_Etchujima-Park_KotoCity,江東区越中島1-3-23,,越中島公園内中央部,35.670967,139.788716,2,2,0,1,1,0,1,0,0,0,0,無,無,無,0:00,23:59,,,,
131083,34,東京都,江東区,江東区立浜園橋際公衆便所,コウトウクリツハマゾノバシギワコウシュウベンジョ,Public_toilet_at_Hamazono-Bridge_KotoCity,江東区塩浜1-3-24,,浜園橋南東詰め,35.662402,139.79937,1,1,0,0,0,0,0,1,0,1,0,無,無,無,0:00,23:59,,,,
131083,35,東京都,江東区,江東区立浜園公園内公衆便所,コウトウクリツハマゾノコウエンナイコウシュウベンジョ,Public_toilet_in_Hamazono-Park_KotoCity,江東区塩浜1-4-4,,浜園公園内,35.661871,139.802129,1,1,0,0,1,1,0,0,0,0,1,有,有,無,0:00,23:59,,,,
131083,36,東京都,江東区,江東区立塩浜一丁目公園内公衆便所,コウトウクリツシオハマイチチョウメコウエンナイコウシュウベンジョ,Public_toilet_in_Shiohama1-Park_KotoCity,江東区塩浜1-5-5,,塩浜一丁目公園内,35.659569,139.801381,2,2,0,0,0,0,0,2,1,1,0,無,無,無,0:00,23:59,,,,
131083,37,東京都,江東区,江東区立塩浜公園内公衆便所,コウトウクリツシオハマコウエンナイコウシュウベンジョ,Public_toilet_in_Shiohama-Park_KotoCity,江東区塩浜2-10-14,,塩浜公園内,35.664015,139.808891,1,1,0,0,1,1,0,0,0,0,1,有,有,有,0:00,23:59,,,,
131083,38,東京都,江東区,江東区立塩浜二丁目第二公園内公衆便所,コウトウクリツシオハマニチョウメダイニコウエンナイコウシュウベンジョ,Public_toilet_in_Shiohama2-dai2-Park_KotoCity,江東区塩浜2-17-8,,塩浜二丁目第二公園内,35.662333,139.810215,1,1,0,0,0,0,0,0,0,0,1,有,有,有,0:00,23:59,,,,
131083,39,東京都,江東区,江東区立しおかぜ橋塩浜公園内公衆便所,コウトウクリツシオカゼバシシオハマコウエンナイコウシュウベンジョ,Public_toilet_in_Shiokazebashishiohama-Park_KotoCity,江東区塩浜2-18-4,,しおかぜ橋塩浜公園内,35.662039,139.81103,2,2,0,0,0,0,0,1,0,1,0,無,無,無,0:00,23:59,,,,
131083,40,東京都,江東区,江東区立塩浜二丁目公園内公衆便所,コウトウクリツシオハマニチョウメコウエンナイコウシュウベンジョ,Public_toilet_in_Shiohama2-Park_KotoCity,江東区塩浜2-25-16,,塩浜二丁目公園内,35.664624,139.814968,1,1,0,0,0,0,0,0,0,0,1,有,無,有,0:00,23:59,,,,
131083,41,東京都,江東区,江東区立枝川一丁目公園内公衆便所,コウクリツエダガワイチチョウメコウエンナイコウシュウベンジョ,Public_toilet_in_Edagawa1-Park_KotoCity,江東区枝川1-6-19,,枝川一丁目公園内,35.657361,139.80342,1,1,0,0,0,0,0,0,0,0,1,有,有,有,0:00,23:59,,,,
131083,42,東京都,江東区,江東区立朝凪公園内公衆便所,コウクリツアサナギコウエンナイコウシュウベンジョ,Public_toilet_in_Asanagi-Park_KotoCity,江東区枝川1-8-5,,朝凪公園内,35.657941,139.801984,3,2,1,0,2,1,1,0,0,0,1,有,無,無,0:00,23:59,,,,
131083,43,東京都,江東区,江東区立枝川橋第三児童遊園内公衆便所,コウクリツエダガワバシダイサンジドウユウエンナイコウシュウベンジョ,Public_toilet_in_Edagawabashidai3-ChildPlaySpace_KotoCity,江東区枝川2-4-17,,枝川橋第三児童遊園内,35.657936,139.805571,1,1,0,0,0,0,0,1,0,1,0,無,無,無,0:00,23:59,,,,
131083,44,東京都,江東区,江東区立枝川三丁目公園内公衆便所,コウクリツエダガワサンチョウメコウエンナイコウシュウベンジョ,Public_toilet_in_Edagawa3-Park_KotoCity,江東区枝川3-3-5,,枝川三丁目公園内,35.658924,139.808339,1,1,0,0,1,1,0,0,0,0,1,有,無,有,0:00,23:59,,,,
131083,45,東京都,江東区,江東区立豊洲一丁目第二公園内公衆便所,コウトウクリツトヨスイチチョウメダイニコウエンナイコウシュウベンジョ,Public_toilet_in_Toyosu1dai2-Park_KotoCity,江東区豊洲1-2-1,,豊洲一丁目第二公園内,35.6598,139.792163,1,1,0,0,1,1,0,0,0,0,1,有,無,有,0:00,23:59,,,,
131083,46,東京都,江東区,江東区立豊洲駅前公衆便所,コウトウクリツトヨスエキマエコウシュウベンジョ,Public_toilet_in_front_of_Toyosu.Sta._KotoCity,江東区豊洲2-2-4,,豊洲駅前広場,35.655243,139.795452,3,2,0,1,2,0,2,0,0,0,1,有,有,有,0:00,23:59,,,,
131083,47,東京都,江東区,江東区立豊洲公園内公衆便所,コウトウクリツトヨスコウエンナイコウシュウベンジョ,Public_toilet_in_Toyosu-Park_KotoCity,江東区豊洲2-3-6,,豊洲公園内,35.653499,139.793515,5,3,1,1,4,2,2,0,0,0,1,有,有,有,0:00,23:59,,,,
131083,48,東京都,江東区,江東区立豊洲三丁目公園内公衆便所,コウトウクリツトヨスサンチョウメコウエンナイコウシュウベンジョ,Public_toilet_in_Toyosu3-Park_KotoCity,江東区豊洲3-5-11,,豊洲三丁目公園内,35.658055,139.797034,2,1,1,0,1,1,0,0,0,0,0,無,無,無,0:00,23:59,,,,
131083,49,東京都,江東区,江東区立豊洲四丁目公園内公衆便所,コウトウクリツトヨスヨンチョウメコウエンナイコウシュウベンジョ,Public_toilet_in_Toyosu4-Park_KotoCity,江東区豊洲4-5-30先,,豊洲四丁目公園内,35.654929,139.798397,1,1,0,0,0,0,0,0,0,0,1,有,有,有,0:00,23:59,,,,
131083,50,東京都,江東区,江東区立豊洲五丁目公園内公衆便所,コウトウクリツトヨスゴチョウメコウエンナイコウシュウベンジョ,Public_toilet_in_Toyosu5-Park_KotoCity,江東区豊洲5-3-1,,豊洲五丁目公園内,35.653152,139.795867,2,2,0,0,0,0,0,0,0,0,1,有,有,有,0:00,23:59,,,,
131083,51,東京都,江東区,江東区立豊洲六丁目第二公園内公衆便所,コウトウクリツトヨスロクチョウメダイニコウエンナイコウシュウベンジョ,Public_toilet_in_Toyosu6dai2-Park_KotoCity,江東区豊洲6-2-1,,豊洲六丁目第二公園内,35.650692,139.792814,1,1,0,0,1,1,0,0,0,0,1,有,有,有,0:00,23:59,,,,
131083,52,東京都,江東区,江東区立豊洲六丁目公園内公衆便所,コウトウクリツトヨスロクチョウメコウエンナイコウシュウベンジョ,Public_toilet_in_Toyosu6-Park_KotoCity,江東区豊洲6-2-35,,豊洲六丁目公園内,35.645875,139.791309,2,1,0,1,2,1,1,0,0,0,0,有,有,有,0:00,23:59,,,,
131083,53,東京都,江東区,江東区立豊洲ぐるり公園内公衆便所,コウトウクリツトヨスグルリコウエンナイコウシュウベンジョ,Public_toilet_in_Toyosu-Gururi-Park_KotoCity,江東区豊洲6-5-33,,豊洲ぐるり公園内,35.640378,139.779113,4,3,0,1,2,0,2,0,0,0,1,有,有,有,0:00,23:59,,,,
131083,54,東京都,江東区,江東区立東雲緑道公園内公衆便所,コウトウクリツシノノメリョクドウコウエンナイコウシュウベンジョ,Public_toilet_in_Shinonomeryokudou-Park_KotoCity,江東区東雲1-7-4,,東雲緑道公園内,35.645792,139.800728,1,1,0,0,0,0,0,1,0,1,0,無,無,無,0:00,23:59,,,,
131083,55,東京都,江東区,江東区立東雲水辺公園内第一公衆便所,コウトウクリツシノノメミズベコウエンナイダイイチコウシュウベンジョ,Public_toilet_in_Shinonomemizube-Park_KotoCity,江東区東雲1-9-58,,東雲水辺公園内,35.645792,139.800728,3,2,1,0,2,1,1,0,0,0,0,有,無,無,0:00,23:59,,,,
131083,56,東京都,江東区,江東区立東雲水辺公園内第二公衆便所,コウトウクリツシノノメミズベコウエンナイダイニコウシュウベンジョ,Public_toilet_in_Shinonomemizube-Park_KotoCity,江東区東雲1-9-58,,辰巳さくら橋近く,35.648752,139.805219,1,1,0,0,1,1,0,0,0,0,0,有,無,無,0:00,23:59,,,,
131083,57,東京都,江東区,江東区立東雲公園内公衆便所,コウトウクリツシノノメコウエンナイコウシュウベンジョ,Public_toilet_in_Shinonome-Park_KotoCity,江東区東雲2-4-17,,江東区立東雲公園内公衆便所,35.645532,139.805685,1,1,0,0,1,1,0,0,0,0,0,有,無,無,0:00,23:59,,,,
131083,58,東京都,江東区,江東区立東雲二丁目公園内公衆便所,コウトウクリツシノノメニチョウメコウエンナイコウシュウベンジョ,Public_toilet_in_Shinonome2-Park_KotoCity,江東区東雲2-7-6,,江東区立東雲二丁目公園内公衆便所,35.642874,139.803949,2,1,1,0,1,1,0,0,0,0,0,有,無,無,0:00,23:59,,,,
131083,59,東京都,江東区,江東区立東雲駅前公衆便所,コウトウクリツシノノメエキマエコウシュウベンジョ,Public_toilet_in_front_of_Shinonome.Sta._KotoCity,江東区東雲2-8-6,,東雲駅前広場,35.640795,139.804662,2,2,0,0,0,0,0,0,0,0,1,有,有,有,0:00,23:59,,,,
131083,60,東京都,江東区,江東区立辰巳駅前公衆便所,コウトウクリツタツミエキマエコウシュウベンジョ,Public_toilet_in_front_of_Tatsumi.Sta._KotoCity,江東区辰巳1-1-40,,辰巳駅前広場,35.646838,139.808929,3,2,1,0,2,1,1,0,0,0,1,有,無,有,0:00,23:59,,,,
131083,61,東京都,江東区,江東区立潮見さざなみ公園内公衆便所,コウトウクリツシオミサザナミコウエンナイコウシュウベンジョ,Public_toilet_in_Shiomisazanamii-Park_KotoCity,江東区潮見1-29-24,,潮見さざなみ公園内,35.65519,139.816055,3,2,1,0,2,1,1,0,0,0,0,有,無,無,0:00,23:59,,,,
131083,62,東京都,江東区,江東区立潮見駅前公衆便所,コウトウクリツシオミエキマエコウシュウベンジョ,Public_toilet_in_front_of_Toyosu.Sta._KotoCity,江東区潮見2-7-15,,潮見駅前広場,35.658886,139.816759,4,3,0,1,1,0,1,0,0,0,1,有,有,有,0:00,23:59,,,,
131083,63,東京都,江東区,江東区立豊住橋際公衆便所,コウトウクリツトヨズミバシギワコウシュウベンジョ,Public_toilet_at_Toyozumi-Bridge_KotoCity,江東区千石2-1-6,,豊住橋北西詰め,35.676485,139.815617,3,2,1,0,2,1,1,0,0,0,1,有,無,無,0:00,23:59,,,,
131083,64,東京都,江東区,江東区立千石公園内公衆便所,コウトウクリツセンゴクコウエンナイコウシュウベンジョ,Public_toilet_in_Sengoku-Park_KotoCity,江東区千石2-7-4,,千石公園内,35.679379,139.815534,1,1,0,0,0,0,0,1,0,1,0,無,無,無,0:00,23:59,,,,
131083,65,東京都,江東区,江東区立川南公園内公衆便所,コウトウクリツセンナンコウエンナイコウシュウベンジョ,Public_toilet_in_Sennan-Park_KotoCity,江東区千石2-9-22,,川南公園内,35.679028,139.817206,2,2,0,0,0,0,0,1,0,1,0,無,無,無,0:00,23:59,,,,
131083,66,東京都,江東区,江東区立仙台堀川親水公園内第二公衆便所,コウトウクリツセンダイボリガワシンスイコウエンナイダイニコウシュウベンジョ,Public_toilet_in_Sendaiborigawa-Park_KotoCity,江東区千石3-1-12先,,すっきり館,35.676538,139.818079,3,2,1,0,2,2,0,0,0,0,0,有,無,無,0:00,23:59,,,,
131083,67,東京都,江東区,江東区立千砂橋際公衆便所,コウトウクリツセンスナバシギワコウシュウベンジョ,Public_toilet_at_Sensuna-Bridge_KotoCity,江東区千石3-1-46,,千砂橋南西詰め,35.678399,139.820001,2,2,0,0,0,0,0,1,0,1,0,無,無,無,0:00,23:59,,,,
131083,68,東京都,江東区,江東区立扇橋公園内公衆便所,コウトウクリツオウギバシコウエンナイコウシュウベンジョ,Public_toilet_in_Ougibashi-Park_KotoCity,江東区石島18-23,,扇橋公園内,35.680601,139.811842,1,1,0,0,1,0,1,0,0,0,1,有,無,有,0:00,23:59,,,,
131083,69,東京都,江東区,江東区立江東公園内公衆便所,コウトウクリツコウトウコウエンナイコウシュウベンジョ,Public_toilet_in_Koto-Park_KotoCity,江東区千田17-5,,江東公園内,35.682428,139.816412,2,2,0,0,0,0,0,2,1,1,0,無,無,無,0:00,23:59,,,,
131083,70,東京都,江東区,江東区立川南海辺公園内公衆便所,コウトウクリツセンナンウミベコウエンナイコウシュウベンジョ,Public_toilet_in_Sennanumibe-Park_KotoCity,江東区海辺1-3,,川南海辺公園内,35.680101,139.81736,1,1,0,0,0,0,0,1,0,1,0,無,無,無,0:00,23:59,,,,
131083,71,東京都,江東区,江東区立ボート場内第二公衆便所,コウトウクリツボートジョウナイダイニコウシュウベンジョ,Public_toilet_in_Odaka-BoatYard_KotoCity,江東区海辺8-16先,,尾高ボート場,35.68126,139.820414,1,1,0,0,1,0,0,0,0,0,0,有,無,無,0:00,23:59,,,,
131083,72,東京都,江東区,江東区立扇橋際公衆便所,コウトウクリツオウギバシギワコウシュウベンジョ,Public_toilet_at_Ougibashi-Bridge_KotoCity,江東区扇橋1-17-9,,扇橋北東詰め,35.682845,139.810292,1,1,0,0,0,0,0,1,0,1,0,無,無,無,0:00,23:59,,,,
131083,73,東京都,江東区,江東区立扇橋一丁目児童遊園内公衆便所,コウトウクリツオウギバシイチチョウメジドウユウエンナイコウシュウベンジョ,Public_toilet_in_Ougibashi1-ChildPlaySpace_KotoCity,江東区扇橋1-20-先,,扇橋一丁目児童遊園内,35.68326,139.810801,1,1,0,0,0,0,0,0,0,0,1,有,有,有,0:00,23:59,,,,
131083,74,東京都,江東区,江東区立扇橋一丁目公園内公衆便所,コウトウクリツオウギバシイチチョウメコウエンナイコウシュウベンジョ,Public_toilet_in_Ougibashi1-Park_KotoCity,江東区扇橋1-21-28,,扇橋一丁目公園内,35.683998,139.811348,1,1,0,0,0,0,0,1,0,1,0,無,無,無,0:00,23:59,,,,
131083,75,東京都,江東区,江東区立岩井橋際公衆便所,コウトウクリツイワイバシギワコウシュウベンジョ,Public_toilet_at_Iwai-Bridge_KotoCity,江東区扇橋3-7-1,,岩井橋北西詰め,35.682367,139.820547,2,2,0,0,0,0,0,1,0,1,0,無,無,無,0:00,23:59,,,,
131083,76,東京都,江東区,江東区立三島橋公園内公衆便所,コウトウクリツミシマバシコウエンナイコウシュウベンジョ,Public_toilet_in_Mishima-Bridge-Park_KotoCity,江東区扇橋3-7-16,,三島橋公園内,35.683172,139.82053,3,2,1,0,1,1,0,0,0,0,0,有,無,無,0:00,23:59,,,,
131083,77,東京都,江東区,江東区立扇橋三丁目公園内公衆便所,コウトウクリツオウギバシサンチョウメコウエンナイコウシュウベンジョ,Public_toilet_in_Ougibashi3-Park_KotoCity,江東区扇橋3-20-11,,扇橋三丁目公園内,35.684014,139.81868,1,1,0,0,0,0,0,0,0,0,1,有,有,有,0:00,23:59,,,,
131083,78,東京都,江東区,江東区立小松橋際児童遊園内公衆便所,コウトウクリツコマツバシギワジドウユウエンナイコウシュウベンジョ,Public_toilet_in_Komatsubashigiwa-ChildPlaySpace_KotoCity,江東区猿江1-5-18,,小松橋際児童遊園内,35.68488,139.812419,1,1,0,0,0,0,0,0,0,0,1,有,有,有,0:00,23:59,,,,
131083,79,東京都,江東区,江東区立猿江一丁目公園内公衆便所,コウトウクリツサルエイチチョウメコウエンナイコウシュウベンジョ,Public_toilet_in_Sarue1-Park_KotoCity,江東区猿江1-11-5,,猿江一丁目公園内,35.686457,139.812781,1,1,0,0,0,0,0,0,0,0,1,有,有,有,0:00,23:59,,,,
131083,80,東京都,江東区,江東区立猿江二丁目公園内公衆便所,コウトウクリツサルエニチョウメコウエンナイコウシュウベンジョ,Public_toilet_in_Sarue2-Park_KotoCity,江東区猿江2-3-10,,猿江二丁目公園内,35.686046,139.815286,2,2,0,0,0,0,0,1,0,1,0,無,無,無,0:00,23:59,,,,
131083,81,東京都,江東区,江東区立住吉一丁目公園内公衆便所,コウトウクリツスミヨシイチチョウメコウエンナイコウシュウベンジョ,Public_toilet_in_Sumiyoshi1-Park_KotoCity,江東区住吉1-8-13,,住吉一丁目公園内,35.687419,139.811797,1,1,0,0,0,0,0,1,0,1,0,無,無,無,0:00,23:59,,,,
131083,82,東京都,江東区,江東区立住利公園内公衆便所,コウトウクリツスミトシコウエンナイコウシュウベンジョ,Public_toilet_in_Sumitoshi-Park_KotoCity,江東区住吉1-19-20,,住利公園内,35.690044,139.812689,1,1,0,0,0,0,0,1,0,1,0,無,無,無,0:00,23:59,,,,
131083,83,東京都,江東区,江東区立猿江公園内公衆便所,コウトウクリツサルエコウエンナイコウシュウベンジョ,Public_toilet_in_Sarue-Park_KotoCity,江東区住吉2-28-26,,野球場近く,35.688923,139.817355,2,2,0,0,0,0,0,1,0,1,0,無,無,無,0:00,23:59,,,,
131083,84,東京都,江東区,江東区立木場二丁目公園内公衆便所,コウトウクリツキバニチョウメコウエンナイコウシュウベンジョ,Public_toilet_in_Kiba2-Park_KotoCity,江東区木場2-11-9先,,木場二丁目公園内,35.670323,139.804398,1,1,0,0,0,0,0,0,0,0,0,有,無,有,0:00,23:59,,,,
131083,85,東京都,江東区,江東区立舟木橋公衆便所,コウトウクリツフナキバシコウシュウベンジョ,Public_toilet_Funaki-Bridge_KotoCity,江東区木場2-18-14,,舟木橋北東詰め,35.669672,139.8048,2,2,0,0,0,0,0,1,1,0,1,有,無,無,0:00,23:59,,,,
131083,86,東京都,江東区,江東区立木場橋公衆便所,コウトウクリツキババシコウシュウベンジョ,Public_toilet_Kiba-Bridge_KotoCity,江東区木場3-2-9,,木場橋南西詰め,35.672356,139.80502,2,2,0,0,0,0,0,2,1,1,0,無,無,無,0:00,23:59,,,,
131083,88,東京都,江東区,江東区立亀居橋公衆便所,コウトウクリツカメイバシコウシュウベンジョ,Public_toilet_Kamei-Bridge_KotoCity,江東区木場3-17-6,,三ツ目通り沿い,35.674544,139.806592,3,2,1,0,2,1,1,0,0,0,1,有,有,有,0:00,23:59,,,,
131083,89,東京都,江東区,江東区立平久公園内公衆便所,コウトウクリツヘイキュウコウエンナイコウシュウベンジョ,Public_toilet_in_Heikyu-Park_KotoCity,江東区木場6-4-18,,平久公園内,35.666891,139.807599,1,1,0,0,0,0,0,0,0,0,1,有,有,有,0:00,23:59,,,,
131083,90,東京都,江東区,江東区立木場六丁目児童遊園内公衆便所,コウトウクリツキバロクチョウメジドウユウエンナイコウシュウベンジョ,Public_toilet_in_Kiba6-ChildPlaySpace_KotoCity,江東区木場6-13-7,,木場六丁目児童遊園内,35.668219,139.80781,1,1,0,0,0,0,0,0,0,0,1,有,有,有,0:00,23:59,,,,
131083,91,東京都,江東区,江東区立南開橋第二児童遊園内公衆便所,コウトウクリツナンカイバシダイニジドウユウエンナイコウシュウベンジョ,Public_toilet_in_Nankai-Bridge-ChildPlaySpace_KotoCity,江東区東陽1-21-6,,南開橋第二児童遊園内,35.666082,139.811225,2,2,0,0,0,0,0,1,0,1,0,無,無,無,0:00,23:59,,,,
131083,92,東京都,江東区,江東区立東陽一丁目第二公園内公衆便所,コウトウクリツトウヨウイチチョウメダイニコウエンナイコウシュウベンジョ,Public_toilet_in_Toyo1dai2-Park_KotoCity,江東区東陽1-39-8,,東陽一丁目第二公園内,35.665908,139.812546,1,1,0,0,0,0,0,0,0,0,1,有,有,有,0:00,23:59,,,,
131083,93,東京都,江東区,江東区立東陽三丁目公衆便所,コウトウクリツトウヨウサンチョウメコウシュウベンジョ,Public_toilet_Toyo3_KotoCity,江東区東陽3-20-1先,,洲崎川緑道公園内,35.668745,139.810921,1,1,0,0,0,0,0,1,1,0,0,有,無,無,0:00,23:59,,,,
131083,94,東京都,江東区,江東区立東陽公園内公衆便所,コウトウクリツトウヨウコウエンナイコウシュウベンジョ,Public_toilet_in_Toyo-Park_KotoCity,江東区東陽3-27-27,,東陽公園内,35.669781,139.815615,3,2,1,0,1,1,0,0,0,0,0,有,無,無,0:00,23:59,,,,
131083,95,東京都,江東区,江東区立横十間川親水公園内生物の楽園際公衆便所,コウトウクリツヨコジュッケンガワシンスイコウエンナイセイブツノラクエンナイコウシュウベンジョ,Public_toilet_in_Yokojyukkengawashinsui-Park_KotoCity,江東区東陽4-12-16先,,横十間川親水公園内田んぼ脇,35.6744,139.819411,1,1,0,0,0,0,0,1,1,0,0,有,無,無,0:00,23:59,,,,
131083,96,東京都,江東区,江東区立東陽五丁目公園内公衆便所,コウトウクリツトウヨウゴチョウメコウエンナイコウシュウベンジョ,Public_toilet_in_Toyo5-Park_KotoCity,江東区東陽5-29-39,,東陽五丁目公園内,35.672688,139.813601,1,1,0,0,0,0,0,0,0,0,1,有,有,有,0:00,23:59,,,,
131083,97,東京都,江東区,江東区立豊住公園内公衆便所,コウトウクリツトヨズミコウエンナイコウシュウベンジョ,Public_toilet_in_Toyozumi-Park_KotoCity,江東区東陽6-1-13,,豊住公園内,35.673684,139.811241,1,1,0,0,0,0,0,0,0,0,1,有,有,有,0:00,23:59,,,,
131083,98,東京都,江東区,江東区立東陽六丁目公衆便所,コウトウクリツトウヨウロクチョウメコウシュウベンジョ,Public_toilet_Kiba6_KotoCity,江東区東陽6-5-18,,大門通り沿い,35.675903,139.812343,1,1,0,0,0,0,0,0,0,0,1,有,無,有,0:00,23:59,,,,
131083,99,東京都,江東区,江東区立亀島橋際公衆便所,コウトウクリツカメジマバシギワコウシュウベンジョ,Public_toilet_at_Kamejima-Bridge_KotoCity,江東区亀戸1-1-1,,亀島橋北東詰め,35.693537,139.820087,1,1,0,0,0,0,0,0,0,0,1,有,無,有,0:00,23:59,,,,
131083,100,東京都,江東区,江東区立亀戸西公園内公衆便所,コウトウクリツカメイドニシコウエンナイコウシュウベンジョ,Public_toilet_in_Kameidonishi-Park_KotoCity,江東区亀戸1-9-5,,亀戸西公園内,35.695662,139.822687,2,2,0,0,0,0,0,0,0,0,1,有,有,有,0:00,23:59,,,,
131083,101,東京都,江東区,江東区立亀戸公園内公衆便所,コウトウクリツカメイドコウエンナイコウシュウベンジョ,Public_toilet_in_Kameido-Park_KotoCity,江東区亀戸1-22-11,,亀戸公園内,35.695483,139.823835,2,2,0,0,0,0,0,0,0,0,1,有,有,有,0:00,23:59,,,,
131083,102,東京都,江東区,江東区立松代橋際公衆便所,コウトウクリツマツシロバシギワコウシュウベンジョ,Public_toilet_at_Matsushiro-Bridge_KotoCity,江東区亀戸2-1-1先,,亀戸水上公園近く,35.697062,139.81967,1,1,0,0,0,0,0,1,0,1,0,無,無,無,0:00,23:59,,,,
131083,103,東京都,江東区,江東区立文泉公園内公衆便所,コウトウクリツブンセンコウエンナイコウシュウベンジョ,Public_toilet_in_Bunsen-Park_KotoCity,江東区亀戸2-4-13,,文泉公園内,35.69812,139.821991,2,2,0,0,0,0,0,0,1,0,0,有,無,無,0:00,23:59,,,,
131083,104,東京都,江東区,江東区立亀戸駅前公園内公衆便所,コウトウクリツカメイドエキマエコウエンナイコウシュウベンジョ,Public_toilet_in_Kameidoekimae-Park_KotoCity,江東区亀戸2-21-9,,亀戸駅前公園内,35.698046,139.824978,5,3,1,1,2,1,1,0,0,0,1,有,有,有,0:00,23:59,,,,
131083,105,東京都,江東区,江東区立亀戸二丁目公園内公衆便所,コウトウクリツカメイドニチョウメコウエンナイコウシュウベンジョ,Public_toilet_in_Kameido2-Park_KotoCity,江東区亀戸2-33-2,,亀戸二丁目公園内,35.700009,139.823481,1,1,0,0,0,0,0,1,0,1,0,無,無,無,0:00,23:59,,,,
131083,106,東京都,江東区,江東区立亀戸天神際公衆便所,コウトウクリツカメイドテンジンギワコウシュウベンジョ,Public_toilet_Kameido-Tenjin-Shrine_KotoCity,江東区亀戸3-6-39,,亀戸天神内,35.702109,139.821153,2,2,0,0,0,0,0,3,2,1,0,無,無,無,0:00,23:59,,,,
131083,107,東京都,江東区,江東区立亀戸三丁目児童遊園内公衆便所,コウトウクリツカメイドサンチョウメジドウユウエンナイコウシュウベンジョ,Public_toilet_in_Kameido3-ChildPlaySpace_KotoCity,江東区亀戸3-12-10,,亀戸三丁目児童遊園内,35.704212,139.819434,1,1,0,0,0,0,0,1,0,1,0,無,無,無,0:00,23:59,,,,
131083,108,東京都,江東区,江東区立亀戸三丁目第二公衆便所,コウトウクリツカメイドサンチョウメダイニコウシュウベンジョ,Public_toilet_Kameido3-dai2_KotoCity,江東区亀戸3-36-20,,亀島小記念公園内,35.706783,139.819352,2,2,0,0,1,0,1,0,0,0,0,有,無,有,0:00,23:59,,,,
131083,109,東京都,江東区,江東区立亀島公園内公衆便所,コウトウクリツカメジマコウエンナイコウシュウベンジョ,Public_toilet_in_Kamejima-Park_KotoCity,江東区亀戸3-39-16,,亀島公園内,35.705552,139.822649,1,1,0,0,0,0,0,0,0,0,1,有,有,有,0:00,23:59,,,,
131083,110,東京都,江東区,江東区立亀戸三丁目公衆便所,コウトウクリツカメイドサンチョウメコウシュウベンジョ,Public_toilet_Kameido3_KotoCity,江東区亀戸3-57-22,,香取神社前,35.703454,139.825046,2,2,0,0,0,0,1,0,0,0,1,有,無,無,0:00,23:59,,,,
131083,111,東京都,江東区,江東区立亀戸三丁目公園内公衆便所,コウトウクリツカメイドサンチョウメコウエンナイコウシュウベンジョ,Public_toilet_in_Kameido3-Park_KotoCity,江東区亀戸3-59-8,,亀戸三丁目公園内,35.703153,139.823967,1,1,0,0,0,0,0,1,1,0,0,有,無,無,0:00,23:59,,,,
131083,112,東京都,江東区,江東区立香取公園内公衆便所,コウトウクリツカトリコウエンナイコウシュウベンジョ,Public_toilet_in_Katori-Park_KotoCity,江東区亀戸4-27-6,,香取公園内,35.703529,139.827191,2,2,0,0,0,0,0,1,0,1,0,無,無,無,0:00,23:59,,,,
131083,113,東京都,江東区,江東区立水神公園内公衆便所,コウトウクリツスイジンコウエンナイコウシュウベンジョ,Public_toilet_in_Suijin-Park_KotoCity,江東区亀戸4-45-6,,水神公園内,35.702121,139.829417,1,1,0,0,0,0,0,1,0,1,0,無,無,無,0:00,23:59,,,,
131083,114,東京都,江東区,江東区立亀戸五丁目公園内公衆便所,コウトウクリツカメイドゴチョウメコウエンナイコウシュウベンジョ,Public_toilet_in_Kameido5-Park_KotoCity,江東区亀戸5-24-4,,亀戸五丁目公園内,35.700155,139.82882,1,1,0,0,0,1,0,0,0,0,1,有,無,有,0:00,23:59,,,,
131083,115,東京都,江東区,江東区立亀戸五丁目第二公園内公衆便所,コウトウクリツカメイドゴチョウメダイニコウエンナイコウシュウベンジョ,Public_toilet_in_Kameido5dai2-Park_KotoCity,江東区亀戸5-33-4,,亀戸五丁目第二公園内,35.698368,139.83016,1,1,0,0,0,0,0,0,0,0,1,有,有,有,0:00,23:59,,,,
131083,116,東京都,江東区,江東区立亀戸南公園内公衆便所,コウトウクリツカメイドミナミコウエンナイコウシュウベンジョ,Public_toilet_in_Kameidominami-Park_KotoCity,江東区亀戸6-18-1,,亀戸南公園内,35.695171,139.827851,1,1,0,0,0,0,0,0,0,0,1,有,有,有,0:00,23:59,,,,
131083,117,東京都,江東区,江東区立竪川第二公園内公衆便所,コウトウクリツタテカワダイニコウエンナイコウシュウベンジョ,Public_toilet_in_Tatekawadai2-Park_KotoCity,江東区亀戸6-35-3,,竪川第二公園内,35.694587,139.82987,2,2,0,0,0,0,0,1,0,1,0,無,無,無,0:00,23:59,,,,
131083,118,東京都,江東区,江東区立亀戸平岩公園内公衆便所,コウトウクリツタテカワヒライワコウエンナイコウシュウベンジョ,Public_toilet_in_Kameidohiraiwa-Park_KotoCity,江東区亀戸6-47-12,,亀戸平岩公園内,35.694349,139.831937,2,2,0,0,0,0,0,1,0,1,0,無,無,無,0:00,23:59,,,,
131083,119,東京都,江東区,江東区立亀戸東公園内公衆便所,コウトウクリツカメイドヒガシコウエンナイコウシュウベンジョ,Public_toilet_in_Kameidohigashi-Park_KotoCity,江東区亀戸7-8-13,,亀戸東公園内,35.696588,139.833881,1,1,0,0,1,1,0,0,0,0,0,有,無,無,0:00,23:59,,,,
131083,120,東京都,江東区,江東区立亀戸七丁目北公園内公衆便所,コウトウクリツカメイドナナチョウメキタコウエンナイコウシュウベンジョ,Public_toilet_in_Kameido7kita-Park_KotoCity,江東区亀戸7-15-5,,亀戸七丁目北公園内,35.697927,139.835447,1,1,0,0,0,0,0,0,0,0,1,有,無,有,0:00,23:59,,,,
131083,121,東京都,江東区,江東区立亀戸七丁目南公園内公衆便所,コウトウクリツカメイドナナチョウメミナミコウエンナイコウシュウベンジョ,Public_toilet_in_Kameido7minami-Park_KotoCity,江東区亀戸7-40-2,,亀戸七丁目南公園内,35.696157,139.837881,1,1,0,0,0,0,0,0,0,0,1,有,有,有,0:00,23:59,,,,
131083,122,東京都,江東区,江東区立亀戸七丁目西公園内公衆便所,コウトウクリツカメイドナナチョウメニシコウエンナイコウシュウベンジョ,Public_toilet_in_Kameido7nishi-Park_KotoCity,江東区亀戸7-42-5,,亀戸七丁目西公園内,35.696908,139.83524,1,1,0,0,0,0,0,1,0,1,0,無,無,無,0:00,23:59,,,,
131083,123,東京都,江東区,江東区立亀戸七丁目公衆便所,コウトウクリツカメイドナナチョウメコウシュウベンジョ,Public_toilet_Kameido7_KotoCity,江東区亀戸7-52-17,,昭和橋北側,35.69434,139.837132,2,2,0,0,0,0,0,1,1,1,0,有,無,無,0:00,23:59,,,,
131083,124,東京都,江東区,江東区立八千代児童遊園内公衆便所,コウトウクリツヤチヨジドウユウエンナイコウシュウベンジョ,Public_toilet_in_Yachiyo-ChildPlaySpace_KotoCity,江東区亀戸8-6-6,,八千代児童遊園内,35.699536,139.833722,1,1,0,0,0,0,0,0,0,0,0,有,無,有,0:00,23:59,,,,
131083,125,東京都,江東区,江東区立亀戸九丁目公衆便所,コウトウクリツカメイドキュウチョウメコウエンナイコウシュウベンジョ,Public_toilet_Kameido9_KotoCity,江東区亀戸9-15-1,,亀戸浅間公園内,35.695984,139.844043,1,1,0,0,1,1,0,0,0,0,1,有,無,無,0:00,23:59,,,,
131083,126,東京都,江東区,江東区立亀戸九丁目公園内公衆便所,コウトウクリツカメイドキュウチョウメコウシュウベンジョ,Public_toilet_in_Kameido9-Park_KotoCity,江東区亀戸9-20-4,,亀戸九丁目公園内,35.698294,139.842712,2,2,0,0,0,0,0,0,0,0,1,有,無,無,0:00,23:59,,,,
131083,127,東京都,江東区,江東区立亀戸九丁目緑道公園内公衆便所,コウトウクリツカメイドキュウチョウメリョクドウコウエンナイコウシュウベンジョ,Public_toilet_in_Kameid9ryokudou-Park_KotoCity,江東区亀戸9-33-30,,亀戸九丁目緑道公園内,35.700248,139.841511,2,2,0,0,0,0,0,1,1,1,0,無,無,無,0:00,23:59,,,,
131083,128,東京都,江東区,江東区立亀戸運動公園内公衆便所,コウトウクリツカメイドウンドウコウエンナイコウシュウベンジョ,Public_toilet_in_Kameidoundo-Park_KotoCity,江東区亀戸9-37-23,,亀戸運動公園内,35.699068,139.837938,3,3,0,0,0,0,0,1,1,1,0,無,無,無,0:00,23:59,,,,
131083,129,東京都,江東区,江東区立釜屋堀公衆便所,コウトウクリツカマヤボリコウシュウベンジョ,Public_toilet_Kamayabori_KotoCity,江東区大島1-2-26,,釜屋堀公園内,35.68654,139.820818,1,1,0,0,1,1,0,0,0,0,1,有,有,有,0:00,23:59,,,,
131083,130,東京都,江東区,江東区立大島一丁目公園内公衆便所,コウトウクリツオオジマイチチョウメコウエンナイコウシュウベンジョ,Public_toilet_in_Ojima1-Park_KotoCity,江東区大島1-34-8,,大島一丁目公園内,35.688177,139.825825,1,1,0,0,0,0,0,1,0,1,0,無,無,無,0:00,23:59,,,,
131083,131,東京都,江東区,江東区立大島二丁目公園内公衆便所,コウトウクリツオオジマニチョウメコウエンナイコウシュウベンジョ,Public_toilet_in_Ojima2-Park_KotoCity,江東区大島2-11-7,,大島二丁目公園内,35.691555,139.823239,1,1,0,0,0,0,0,1,0,1,0,無,無,無,0:00,23:59,,,,
131083,132,東京都,江東区,江東区立大島防災公園内公衆便所,コウトウクリツオオジマボウサイコウエンナイコウシュウベンジョ,Public_toilet_in_OjimaBousai-Park_KotoCity,江東区大島2-27-19,,大島防災公園内,35.691874,139.824114,1,1,0,1,1,0,1,0,0,0,1,有,無,有,0:00,23:59,,,,
131083,133,東京都,江東区,江東区立五の橋際公衆便所,コウトウクリツゴノハシギワコウシュウベンジョ,Public_toilet_at_Gonohashi-Bridge_KotoCity,江東区大島2-31-1,,五の橋南西詰め,35.693385,139.825818,1,1,0,0,0,0,0,0,0,0,1,有,有,有,0:00,23:59,,,,
131083,134,東京都,江東区,江東区立大島緑道公園内公衆便所,コウトウクリツオオジマリョクドウコウエンナイコウシュウベンジョ,Public_toilet_in_Ojimaryokudou-Park_KotoCity,江東区大島3-22-1先,,大島緑道公園内,35.692107,139.828604,1,1,0,0,0,0,0,1,0,1,0,無,無,無,0:00,23:59,,,,
131083,135,東京都,江東区,江東区立大島三丁目公衆便所,コウトウクリツオオジマサンチョウメコウシュウベンジョ,Public_toilet_Ojima3_KotoCity,江東区大島3-31-15,,江東区立大島三丁目公衆便所,35.689582,139.831241,1,1,0,1,0,0,0,1,1,0,0,有,無,無,0:00,23:59,,,,
131083,136,東京都,江東区,江東区立進開橋際公衆便所,コウトウクリツシンカイバシギワコウシュウベンジョ,Public_toilet_at_Shinkai-Bridge_KotoCity,江東区大島4-1-25先,,江東区立進開橋際公衆便所,35.685774,139.82681,1,1,0,0,0,0,0,0,0,0,1,有,無,有,0:00,23:59,,,,
131083,137,東京都,江東区,江東区立大島四丁目公園内公衆便所,コウトウクリツオオジマヨンチョウメダイニコウエンナイコウシュウベンジョ,Public_toilet_in_Ojima4-Park_KotoCity,江東区大島4-17-9,,江東区立大島四丁目公園内公衆便所,35.688024,139.831958,1,1,0,0,1,0,1,0,0,0,1,有,有,有,0:00,23:59,,,,
131083,138,東京都,江東区,江東区立大島四丁目第二公園内公衆便所,コウトウクリツオオジマヨンチョウメコウエンナイコウシュウベンジョ,Public_toilet_in_Ojima4dai2-Park_KotoCity,江東区大島4-21-11,,江東区立大島四丁目第二公園内公衆便所,35.686483,139.832287,2,2,0,0,0,0,0,1,0,1,0,無,無,無,0:00,23:59,,,,
131083,139,東京都,江東区,江東区立大島五丁目児童遊園内公衆便所,コウトウクリツオオジマゴチョウメジドウユウエンナイコウシュウベンジョ,Public_toilet_in_Ojima5-ChildPlaySpace_KotoCity,江東区大島5-17-6,,江東区立大島五丁目児童遊園内公衆便所,35.688181,139.834303,1,1,0,0,0,0,0,1,0,1,0,無,無,無,0:00,23:59,,,,
131083,140,東京都,江東区,江東区立大島五丁目公園内公衆便所,コウトウクリツオオジマゴチョウメコウエンナイコウシュウベンジョ,Public_toilet_in_Ojima5-Park_KotoCity,江東区大島5-27-16,,江東区立大島五丁目公園内公衆便所,35.686588,139.836098,2,2,0,0,1,0,1,0,0,0,1,有,有,有,0:00,23:59,,,,
131083,141,東京都,江東区,江東区立竪川河川敷公園内公衆便所,コウトウクリツタテカワカセンジキコウエンナイコウシュウベンジョ,Public_toilet_in_Tatekawakasenjiki-Park_KotoCity,江東区大島6-2-3,,江東区立竪川河川敷公園内公衆便所,35.693807,139.833616,1,1,0,0,0,0,0,0,0,0,1,有,有,有,0:00,23:59,,,,
131083,142,東京都,江東区,江東区立大島六丁目第二児童遊園内公衆便所,コウトウクリツオオジマロクチョウメダイニジドウユウエンナイコウシュウベンジョ,Public_toilet_in_Ojima6dai2-ChildPlaySpace_KotoCity,江東区大島6-15-5,,江東区立大島六丁目第二児童遊園内公衆便所,35.691058,139.835549,1,1,0,0,1,1,0,0,0,0,0,有,無,無,0:00,23:59,,,,
131083,143,東京都,江東区,江東区立大島七丁目公園内公衆便所,コウトウクリツオオジマナナチョウメコウエンナイコウシュウベンジョ,Public_toilet_in_Ojima7-Park_KotoCity,江東区大島7-27-17,,江東区立大島七丁目公園内公衆便所,35.692762,139.840567,2,1,0,1,1,0,1,0,0,0,1,有,有,無,0:00,23:59,,,,
131083,144,東京都,江東区,江東区立大島八丁目公園内公衆便所,コウトウクリツオオジマハチチョウメコウエンナイコウシュウベンジョ,Public_toilet_in_Ojima8-Park_KotoCity,江東区大島8-11-7,,江東区立大島八丁目公園内公衆便所,35.687694,139.839093,2,2,0,0,0,0,0,1,0,1,0,無,無,無,0:00,23:59,,,,
131083,145,東京都,江東区,江東区立大島八丁目第二公園内公衆便所,コウトウクリツオオジマハチチョウメダイニコウエンナイコウシュウベンジョ,Public_toilet_in_Ojima8dai2-Park_KotoCity,江東区大島8-21-25,,江東区立大島八丁目第二公園内公衆便所,35.688823,139.840298,1,1,0,0,1,1,0,0,0,0,0,有,無,無,0:00,23:59,,,,
131083,146,東京都,江東区,江東区立東大島駅前公衆便所,コウトウクリツヒガシオオジマエキマエコウシュウベンジョ,Public_toilet_in_front_of_Higashi-Ojima.Sta._KotoCity,江東区大島9-3-13,,江東区立東大島駅前公衆便所,35.690278,139.845487,3,2,1,0,1,1,0,0,0,0,1,無,有,無,0:00,23:59,,,,
131083,147,東京都,江東区,江東区立旧中川・川の駅公衆便所,コウトウクリツキュウナカガワ・カワノエキコウシュウベンジョ,Public_toilet_Kyu-nakagawa-river-station_KotoCity,江東区大島9-10-,,江東区立旧中川・川の駅公衆便所,35.687541,139.846619,3,2,0,1,2,0,1,0,0,0,1,有,有,有,0:00,23:59,,,,
131083,148,東京都,江東区,江東区立北砂水上公園横公衆便所,コウトウクリツキタスナスイジョウコウエンヨココウシュウベンジョ,Public_toilet_in_Kitasunasuijyo-Park_KotoCity,江東区北砂1-2-先,,江東区立北砂水上公園横公衆便所,35.684938,139.821485,2,2,0,0,0,0,0,0,0,0,1,有,有,有,0:00,23:59,,,,
131083,149,東京都,江東区,江東区立北砂第二公園内公衆便所,コウトウクリツキタスナダイニコウエンナイコウシュウベンジョ,Public_toilet_in_Kitasunadai2-Park_KotoCity,江東区北砂1-3-25,,江東区立北砂第二公園内公衆便所,35.684479,139.82372,1,1,0,0,1,1,0,0,0,0,1,有,無,有,0:00,23:59,,,,
131083,150,東京都,江東区,江東区立北砂一丁目南公園内公衆便所,コウトウクリツキタスナイッチョウメミナミコウエンナイコウシュウベンジョ,Public_toilet_in_Kitasuna1minami-Park_KotoCity,江東区北砂1-15-1,,江東区立北砂一丁目南公園内公衆便所,35.677818,139.825498,1,1,0,0,0,0,0,1,0,1,0,無,無,無,0:00,23:59,,,,
131083,151,東京都,江東区,江東区立北砂二丁目公園内公衆便所,コウトウクリツキタスナニチョウメコウエンナイコウシュウベンジョ,Public_toilet_in_Kitasuna2-Park_KotoCity,江東区北砂2-9-14,,江東区立北砂二丁目公園内公衆便所,35.679141,139.826251,1,1,0,0,1,1,1,0,0,0,1,有,無,有,0:00,23:59,,,,
131083,152,東京都,江東区,江東区立砂町中央公園内公衆便所,コウトウクリツスナマチチュウオウコウエンナイコウシュウベンジョ,Public_toilet_in_Sunamachichuo-Park_KotoCity,江東区北砂4-20-24,,江東区立砂町中央公園内公衆便所,35.676681,139.831798,2,2,0,0,0,0,0,1,0,1,0,無,無,無,0:00,23:59,,,,
131083,153,東京都,江東区,江東区立亀高児童遊園内公衆便所,コウトウクリツカメタカジドウユウエンナイコウシュウベンジョ,Public_toilet_in_Kametka-ChildPlaySpace_KotoCity,江東区北砂4-22-30,,江東区立亀高児童遊園内公衆便所,35.678225,139.831787,1,1,0,0,0,0,0,0,0,0,1,有,有,有,0:00,23:59,,,,
131083,154,東京都,江東区,江東区立北砂公園内公衆便所,コウトウクリツキタスナコウエンナイコウシュウベンジョ,Public_toilet_in_Kitasuna-Park_KotoCity,江東区北砂5-1-2,,江東区立北砂公園内公衆便所,35.679901,139.83139,2,2,0,0,0,0,0,1,0,1,0,無,無,無,0:00,23:59,,,,
131083,155,東京都,江東区,江東区立北砂五丁目公衆便所,コウトウクリツキタスナゴチョウメコウシュウベンジョ,Public_toilet_Kitasuna5_KotoCity,江東区北砂5-20-13,,江東区立北砂五丁目公衆便所,35.683989,139.832205,1,1,0,0,0,0,0,1,0,1,0,無,無,無,0:00,23:59,,,,
131083,156,東京都,江東区,江東区立小名木川防災公園内公衆便所,コウトウクリツオナギカワボウサイコウエンナイコウシュウベンジョ,Public_toilet_in_Onagigawabousai-Park_KotoCity,江東区北砂5-21-5,,江東区立小名木川防災公園内公衆便所,35.682931,139.83085,1,1,0,0,0,0,0,0,0,0,1,有,有,有,0:00,23:59,,,,
131083,157,東京都,江東区,江東区立丸八児童遊園内公衆便所,コウトウクリツマルハチジドウユウエンナイコウシュウベンジョ,Public_toilet_in_Maruhachi-ChildPlaySpace_KotoCity,江東区北砂6-16-12,,江東区立丸八児童遊園内公衆便所,35.685356,139.837616,2,2,0,0,0,0,0,1,0,1,0,無,無,無,0:00,23:59,,,,
131083,158,東京都,江東区,江東区立北砂六丁目公衆便所,コウトウクリツキタスナロクチョウメコウシュウベンジョ,Public_toilet_Kitasuna6_KotoCity,江東区北砂6-20-19,,江東区立北砂六丁目公衆便所,35.684453,139.838939,2,2,0,0,0,0,0,1,1,1,0,無,無,無,0:00,23:59,,,,
131083,159,東京都,江東区,江東区立亀高公園内公衆便所,コウトウクリツカメタカコウエンナイコウシュウベンジョ,Public_toilet_in_Kametaka-Park_KotoCity,江東区北砂6-26-8,,江東区立亀高公園内公衆便所,35.681439,139.838582,1,1,0,0,0,0,0,0,0,0,1,有,有,有,0:00,23:59,,,,
131083,160,東京都,江東区,江東区立仙台堀川親水公園内公衆便所,コウトウクリツセンダイホリカワシンスイコウエンナイコウシュウベンジョ,Public_toilet_in_Sendaiborigawa-Park_KotoCity,江東区北砂7-6-先,,江東区立仙台堀川親水公園内公衆便所,35.680177,139.83871,3,2,0,1,2,0,2,0,0,0,1,有,有,有,0:00,23:59,,,,
131083,161,東京都,江東区,江東区立東砂一丁目公園内公衆便所,コウトウクリツヒガシスナイッチョウメコウエンナイコウシュウベンジョ,Public_toilet_in_Higashisuna1-Park_KotoCity,江東区東砂1-2-13,,江東区立東砂一丁目公園内公衆便所,35.683747,139.839701,2,2,0,1,1,0,1,0,0,0,1,有,有,有,0:00,23:59,,,,
131083,162,東京都,江東区,江東区立東砂二丁目公衆便所,コウトウクリツヒガシスナニチョウメコウシュウベンジョ,Public_toilet_Higashisuna2_KotoCity,江東区東砂2-13-50,,江東区立東砂二丁目公衆便所,35.684798,139.84385,1,1,0,0,1,1,0,1,0,1,1,有,無,無,0:00,23:59,,,,
131083,163,東京都,江東区,江東区立東砂三丁目公園内公衆便所,コウトウクリツヒガシスナサンチョウメコウエンナイコウシュウベンジョ,Public_toilet_in_Higashisuna3-Park_KotoCity,江東区東砂3-16-8,,江東区立東砂三丁目公園内公衆便所,35.682255,139.841234,1,1,0,0,0,0,0,0,0,0,1,有,有,有,0:00,23:59,,,,
131083,164,東京都,江東区,江東区立東砂三丁目第二公園内公衆便所,コウトウクリツヒガシスナサンチョウメダイニコウエンナイコウシュウベンジョ,Public_toilet_in_Higashisuna3dai2-Park_KotoCity,江東区東砂3-17-17,,江東区立東砂三丁目第二公園内公衆便所,35.681432,139.84234,2,2,0,0,0,0,0,1,0,1,0,無,無,無,0:00,23:59,,,,
131083,165,東京都,江東区,江東区立城東公園内公衆便所,コウトウクリツジョウトウコウエンナイコウシュウベンジョ,Public_toilet_in_Jyoto-Park_KotoCity,江東区東砂4-20-20,,江東区立城東公園内公衆便所,35.678888,139.839406,3,2,0,1,2,1,1,0,0,0,0,無,無,無,0:00,23:59,,,,
131083,166,東京都,江東区,江東区立東砂六丁目公園内公衆便所,コウトウクリツヒガシスナロクチョウメコウエンナイコウシュウベンジョ,Public_toilet_in_Higashisuna6-Park_KotoCity,江東区東砂6-19-8,,江東区立東砂六丁目公園内公衆便所,35.674454,139.841228,1,1,0,0,0,0,0,1,0,1,0,無,無,無,0:00,23:59,,,,
131083,167,東京都,江東区,江東区立舟入川公衆便所,コウトウクリツフナイリガワコウエンナイコウシュウベンジョ,Public_toilet_Funairigawa_KotoCity,江東区東砂7-12-4,,江東区立舟入川公衆便所,35.672738,139.840693,1,1,0,0,1,0,1,0,0,0,0,有,無,無,0:00,23:59,,,,
131083,168,東京都,江東区,江東区立砂町公園内公衆便所,コウトウクリツスナマチコウエンナイコウシュウベンジョ,Public_toilet_in_Sunamachi-Park_KotoCity,江東区東砂7-15-3,,江東区立砂町公園内公衆便所,35.674175,139.839864,1,1,0,0,0,0,0,0,0,0,1,有,有,有,0:00,23:59,,,,
131083,169,東京都,江東区,江東区立境川橋際公衆便所,コウトウクリツサカイガワバシギワコウシュウベンジョ,Public_toilet_at_Sakaigawa-Bridge_KotoCity,江東区東砂7-18-10,,江東区立境川橋際公衆便所,35.675472,139.83659,4,2,1,1,2,1,1,0,0,0,0,有,無,無,0:00,23:59,,,,
131083,170,東京都,江東区,江東区立ボート場内公衆便所,コウトウクリツボートジョウナイコウシュウベンジョ,Public_toilet_in_BoatYard_KotoCity,江東区南砂1-1-先,,江東区立ボート場内公衆便所,35.676897,139.820207,2,2,0,0,0,0,0,1,0,1,0,無,無,無,0:00,23:59,,,,
131083,171,東京都,江東区,江東区立南砂一丁目公園内公衆便所,コウトウクリツミナミスナイッチョウメコウエンナイコウシュウベンジョ,Public_toilet_in_Minamisuna1-Park_KotoCity,江東区南砂1-1-5,,江東区立南砂一丁目公園内公衆便所,35.67676,139.821079,1,1,0,0,0,0,0,0,0,0,1,有,有,有,0:00,23:59,,,,
131083,172,東京都,江東区,江東区立南砂一丁目第二公園内公衆便所,コウトウクリツミナミスナイッチョウメダイニコウエンナイコウシュウベンジョ,Public_toilet_in_Minamisuna1dai2-Park_KotoCity,江東区南砂1-3-18,,江東区立南砂一丁目第二公園内公衆便所,35.678795,139.821827,1,1,0,0,0,0,0,0,0,0,1,有,無,有,0:00,23:59,,,,
131083,173,東京都,江東区,江東区立松島橋際公衆便所,コウトウクリツマツシマバシギワコウシュウベンジョ,Public_toilet_at_Matsushima-Bridge_KotoCity,江東区南砂1-21-12,,江東区立松島橋際公衆便所,35.676197,139.824398,1,2,0,0,0,0,0,1,1,0,0,有,無,無,0:00,23:59,,,,
131083,174,東京都,江東区,江東区立南砂緑道公園内公衆便所,コウトウクリツミナミスナリョクドウコウエンナイコウシュウベンジョ,Public_toilet_in_Minamisunaryokudou-Park_KotoCity,江東区南砂2-13-5先,,江東区立南砂緑道公園内公衆便所,35.674134,139.82099,1,1,0,0,1,1,0,0,0,0,1,有,無,有,0:00,23:59,,,,
131083,175,東京都,江東区,江東区立南砂緑道公園第二公衆便所,コウトウクリツミナミスナリョクドウコウエンダイニコウシュウベンジョ,Public_toilet_in_Minamisunaryokudou-Park_KotoCity,江東区南砂2-23-9,,江東区立南砂緑道公園第二公衆便所,35.673476,139.825008,2,2,0,0,0,1,0,0,0,0,1,有,無,有,0:00,23:59,,,,
131083,176,東京都,江東区,江東区立南砂二丁目公園内公衆便所,コウトウクリツミナミスナニチョウメコウエンナイコウシュウベンジョ,Public_toilet_in_Minamisuna2-Park_KotoCity,江東区南砂2-24-4,,江東区立南砂二丁目公園内公衆便所,35.674727,139.824944,1,1,0,0,0,0,0,0,0,0,1,有,有,有,0:00,23:59,,,,
131083,177,東京都,江東区,江東区立弾正橋際公衆便所,コウトウクリツダンジョウバシギワコウシュウベンジョ,Public_toilet_at_Danjo-Bridge_KotoCity,江東区南砂2-33-1,,江東区立弾正橋際公衆便所,35.675314,139.826701,2,2,0,0,1,1,0,0,0,0,1,有,無,無,0:00,23:59,,,,
131083,178,東京都,江東区,江東区立日曹橋公園内公衆便所,コウトウクリツニッソウバシコウエンナイコウシュウベンジョ,Public_toilet_in_Nissobashi-Park_KotoCity,江東区南砂3-1-1,,江東区立日曹橋公園内公衆便所,35.669872,139.827948,1,1,0,0,0,0,0,1,1,0,0,有,無,無,0:00,23:59,,,,
131083,179,東京都,江東区,江東区立南砂三丁目公園内公衆便所,コウトウクリツミナミスナサンチョウエコウエンナイコウシュウベンジョ,Public_toilet_in_Minamisuna3-Park_KotoCity,江東区南砂3-14-21,,江東区立南砂三丁目公園内公衆便所,35.669695,139.833396,3,2,1,0,2,1,1,0,0,0,1,有,有,有,0:00,23:59,,,,
131083,180,東京都,江東区,江東区立南砂三丁目公園内第二公衆便所,コウトウクリツミナミスナサンチョウメナイダイニコウシュウベンジョ,Public_toilet_in_Minamisuna3-Park_KotoCity,江東区南砂3-14-21,,江東区立南砂三丁目公園内第二公衆便所,35.670968,139.833031,2,2,0,0,0,0,0,0,0,0,1,有,有,有,0:00,23:59,,,,
131083,181,東京都,江東区,江東区立南砂四丁目西公園内公衆便所,コウトウクリツミナミスナヨンチョウメニシコウエンナイコウシュウベンジョ,Public_toilet_in_Minamisuna4nishi-Park_KotoCity,江東区南砂4-3-21,,江東区立南砂四丁目西公園内公衆便所,35.673945,139.827527,1,1,0,0,0,0,0,1,0,1,0,無,無,無,0:00,23:59,,,,
131083,182,東京都,江東区,江東区立南砂四丁目公園内公衆便所,コウトウクリツミナミスナヨンチョウメコウエンナイコウシュウベンジョ,Public_toilet_in_Minamisuna4-Park_KotoCity,江東区南砂4-4-5,,江東区立南砂四丁目公園内公衆便所,35.674232,139.829909,1,1,0,0,0,0,0,0,0,0,1,有,有,有,0:00,23:59,,,,
131083,183,東京都,江東区,江東区立砂町橋公園内公衆便所,コウトウクリツスナマチバシコウエンナイコウシュウベンジョ,Public_toilet_in_Sunamachi-Bridge-Park_KotoCity,江東区南砂4-12-1,,江東区立砂町橋公園内公衆便所,35.673601,139.832677,1,1,0,0,0,0,0,0,0,0,1,有,有,有,0:00,23:59,,,,
131083,184,東京都,江東区,江東区立境川公園内公衆便所,コウトウクリツサカイガワコウエンナイコウシュウベンジョ,Public_toilet_in_Sakaigawa-Park_KotoCity,江東区南砂5-6-1,,江東区立境川公園内公衆便所,35.676296,139.828364,1,1,0,0,0,0,0,0,0,0,1,有,有,有,0:00,23:59,,,,
131083,185,東京都,江東区,江東区立金森公園内公衆便所,コウトウクリツカナモリコウエンナイコウシュウベンジョ,Public_toilet_in_Kanamori-Park_KotoCity,江東区南砂5-19-13,,江東区立金森公園内公衆便所,35.674811,139.832402,1,1,0,0,0,0,0,0,0,0,1,有,無,有,0:00,23:59,,,,
131083,186,東京都,江東区,江東区立南砂六丁目公園内公衆便所,コウトウクリツミナミスナロクチョウメコウエンナイコウシュウベンジョ,Public_toilet_in_Minamisuna6-Park_KotoCity,江東区南砂6-5-7,,江東区立南砂六丁目公園内公衆便所,35.673277,139.834263,2,2,0,0,0,0,0,1,0,1,0,無,無,無,0:00,23:59,,,,
131083,187,東京都,江東区,江東区立八幡公衆便所,コウトウクリツハチマンコウシュウベンジョ,Public_toilet_Hachiman_KotoCity,江東区南砂7-14-16,,江東区立八幡公衆便所,35.668774,139.837856,2,2,0,0,0,0,0,1,0,1,0,無,無,無,0:00,23:59,,,,
131083,188,東京都,江東区,江東区立新砂あゆみ公園内公衆便所,コウトウクリツシンスナアユミコウエンナイコウシュウベンジョ,Public_toilet_in_Shinsunaayumi-Park_KotoCity,江東区新砂3-3-6,,江東区立新砂あゆみ公園内公衆便所,35.668139,139.832039,3,2,0,1,2,0,2,0,0,0,1,有,有,有,0:00,23:59,,,,
131083,189,東京都,江東区,江東区立新砂のぞみ公園内公衆便所,コウトウクリツシンスナノゾミコウエンナイコウシュウベンジョ,Public_toilet_in_Shinsunanozomi-Park_KotoCity,江東区新砂3-3-47,,江東区立新砂のぞみ公園内公衆便所,35.666717,139.83066,2,1,1,0,1,1,0,0,0,0,0,有,無,無,0:00,23:59,,,,
131083,190,東京都,江東区,江東区立新砂めぐみ公園内公衆便所,コウトウクリツシンスナメグミコウエンナイコウシュウベンジョ,Public_toilet_in_Shinsunamegumi-Park_KotoCity,江東区新砂3-4-1,,江東区立新砂めぐみ公園内公衆便所,35.666333,139.837874,1,1,0,0,1,1,0,0,0,0,0,有,無,無,0:00,23:59,,,,
131083,191,東京都,江東区,江東区立新木場駅前公衆便所,コウトウクリツシンキバエキマエコウシュウベンジョ,Public_toilet_in_front_of_Shinkiba.Sta._KotoCity,江東区新木場1-5-10,,江東区立新木場駅前公衆便所,35.645304,139.825938,5,3,0,2,4,0,4,0,0,0,1,有,有,有,0:00,23:59,,,,
131083,192,東京都,江東区,江東区立若洲公園内風車際公衆便所,コウトウクリツワカスコウエンナイフウシャギワコウシュウベンジョ,Public_toilet_in_Wakasu-Park_KotoCity,江東区若洲3-2-1,,江東区立若洲公園内風車際公衆便所,35.622505,139.834635,7,4,2,1,4,2,2,0,0,0,0,無,無,無,0:00,23:59,,,,
,,,,,,,,,,,,,,,,,,,,,,,,,,,,,,,
