"全国地方公共団体コード","ID","地方公共団体名","名称","名称_カナ","名称_英字","所在地_全国地方公共団体コード","町字ID","所在地_連結表記","所在地_都道府県","所在地_市区町村","所在地_町字","所在地_番地以下","建物名等(方書)","緯度","経度","高度の種別","高度の値","設置位置","電話番号","内線番号","連絡先メールアドレス","連絡先FormURL","連絡先備考（その他、SNSなど）","郵便番号","法人番号","団体名","利用可能曜日","開始時間","終了時間","利用可能日時特記事項","小児対応設備の有無","URL","画像1","画像1_ライセンス","画像2","画像2_ライセンス","外部利用不可","備考"
"131083","131083700001","江東区","有明西学園","アリアケニシガクエン","","131083","","東京都江東区有明1-7-13","東京都","江東区","有明1丁目","7-13","","35.637038","139.784381","","","西玄関・東玄関","(03)3527-6401","","","","","1350063","6000020131083","","月火水木金","08:00:00","16:00:00","学校開庁日","","","","","","","",""
"131083","131083700002","江東区","有明スポーツセンター","アリアケスポーツセンター","","131083","","東京都江東区有明2-3-5","東京都","江東区","有明2丁目","3-5","","35.633206","139.783810","階数;階数","6;3","A棟6F;B棟3F","(03)3528-0191","","","","","1350063","6000020131083","","月火水木金土日","08:30:00","22:00:00","休館日等除く","","","","","","","",""
"131083","131083700003","江東区","有明小学校","アリアケショウガッコウ","","131083","","東京都江東区有明2-10-1","東京都","江東区","有明2丁目","10-1","","35.640466","139.795945","階数","1","１階正面玄関","(03)3527-5101","","","","","1350063","6000020131083","","月火水木金","08:00:00","16:00:00","学校開庁日","","","","","","","",""
"131083","131083700004","江東区","有明中学校","アリアケチュウガッコウ","","131083","","東京都江東区有明2-10-1","東京都","江東区","有明2丁目","10-1","","35.640432","139.795970","階数","1","１階玄関昇降口","(03)3527-8261","","","","","1350063","6000020131083","","月火水木金","08:00:00","16:00:00","学校開庁日","","","","","","","",""
"131083","131083700005","江東区","扇橋小学校","オウギバシショウガッコウ","","131083","","東京都江東区石島18-5","東京都","江東区","石島","18-5","","35.681289","139.811726","階数","1","1階正面玄関","(03)3647-0571","","","","","1350014","6000020131083","","月火水木金","08:00:00","16:00:00","学校開庁日","","","","","","","",""
"131083","131083700006","江東区","深川南部保健相談所","フカガワナンブホケンソウダンジョ","","131083","","東京都江東区枝川1-8-15-102","東京都","江東区","枝川1丁目","8-15-102","","35.657410","139.801936","階数","1","１階廊下階段付近","(03)5632-2291","","","","","1350051","6000020131083","","月火水木金","08:30:00","17:00:00","祝日・年末年始除く","","","","","","","",""
"131083","131083700007","江東区","枝川幼稚園","エダガワヨウチエン","","131083","","東京都江東区枝川3-4-1-101","東京都","江東区","枝川3丁目","4-1-101","","35.659457","139.808627","階数","1","1階職員室 テラス側","(03)3615-1333","","","","","1350051","6000020131083","","月火水木金","08:00:00","16:00:00","学校開庁日","","","","","","","",""
"131083","131083700008","江東区","枝川小学校","エダガワショウガッコウ","","131083","","東京都江東区枝川3-5-3","東京都","江東区","枝川3丁目","5-3","","35.659637","139.809200","階数","1","1階正面玄関","(03)3644-4941","","","","","1350051","6000020131083","","月火水木金","08:00:00","16:00:00","学校開庁日","","","","","","","",""
"131083","131083700009","江東区","枝川区民館","エダガワクミンカン","","131083","","東京都江東区枝川3-6-16","東京都","江東区","枝川3丁目","6-16","","35.658283","139.810623","階数","1","１Fホール","(03)3647-6852","","","","","1350051","6000020131083","","火水木金土日","08:30:00","17:00:00","祝日・年末年始除く","","","","","","","",""
"131083","131083700010","江東区","深川スポーツセンター","フカガワスポーツセンター","","131083","","東京都江東区越中島1-2-18","東京都","江東区","越中島1丁目","2-18","","35.670460","139.791710","階数","1","１Fロビー;事務所","(03)3820-5881","","","","","1350044","6000020131083","","月火水木金土日","08:30:00","22:00:00","休館日等除く","","","","","","","",""
"131083","131083700011","江東区","越中島プール","エッチュウジマプール","","131083","","東京都江東区越中島1-3-23","東京都","江東区","越中島1丁目","3-23","","35.668757","139.789629","","","監視室","(03)5620-0045","","","","","1350044","6000020131083","","月火水木金土日","10:00:00","18:00:00","プール開設日（7月上旬から９月上旬）","","","","","","","",""
"131083","131083700012","江東区","越中島小学校","エッチュウジマショウガッコウ","","131083","","東京都江東区越中島3-6-38","東京都","江東区","越中島3丁目","6-38","","35.665863","139.796232","階数","1","1階中央玄関","(03)3643-9650","","","","","1350044","6000020131083","","月火水木金","08:00:00","16:00:00","学校開庁日","","","","","","","",""
"131083","131083700013","江東区","深川第三中学校","フカガワダイサンチュウガッコウ","","131083","","東京都江東区越中島3-7-1","東京都","江東区","越中島3丁目","7-1","","35.666455","139.795588","階数","1","1階正面玄関","(03)3641-5948","","","","","1350044","6000020131083","","月火水木金","08:00:00","16:00:00","学校開庁日","","","","","","","",""
"131083","131083700014","江東区","小松橋出張所","コマツバシシュッチョウジョ","","131083","","東京都江東区扇橋2-1-5","東京都","江東区","扇橋2丁目","1-5","","35.682687","139.814261","階数","1","１Fホール","(03)5606-5581","","","","","1350011","6000020131083","","月火水木金","08:30:00","17:00:00","祝日・年末年始除く","","","","","","","",""
"131083","131083700015","江東区","障害者福祉センター","ショウガイシャフクシセンター","","131083","","東京都江東区扇橋3-7-2","東京都","江東区","扇橋3丁目","7-2","","35.682729","139.820344","階数","1","１F受付","(03)3699-0316","","","","","1350011","6000020131083","","月火水木金土日","09:00:00","17:00:00","祝日年末年始第２・４日曜除く","","","","","","","",""
"131083","131083700016","江東区","つばめ幼稚園","ツバメヨウチエン","","131083","","東京都江東区扇橋3-20-13-101","東京都","江東区","扇橋3丁目","20-13-101","","35.684364","139.818924","階数","1","1階正面玄関","(03)3649-1841","","","","","1350011","6000020131083","","月火水木金","08:00:00","16:00:00","学校開庁日","","","","","","","",""
"131083","131083700017","江東区","男女共同参画推進センター","ダンジョキョウドウサンカクスイシンセンター","","131083","","東京都江東区扇橋3-22-2","東京都","江東区","扇橋3丁目","22-2","","35.684130","139.820160","階数","1","１Fホール","(03)5683-0341","","","","","1350011","6000020131083","","月火水木金土日","09:00:00","22:00:00","年末年始第2・4月曜除く","","","","","","","",""
"131083","131083700018","江東区","第一大島小学校","ダイイチオオジマショウガッコウ","","131083","","東京都江東区大島2-41-4","東京都","江東区","大島2丁目","41-4","","35.689920","139.825602","階数","1","1階正面玄関","(03)3684-4312","","","","","1360072","6000020131083","","月火水木金","08:00:00","16:00:00","学校開庁日","","","","","","","",""
"131083","131083700019","江東区","城東保健相談所","ジョウトウホケンソウダンジョ","","131083","","東京都江東区大島3-1-3","東京都","江東区","大島3丁目","1-3","","35.689997","139.827632","階数","1","１階診察室入り口","(03)3637-6521","","","","","1360072","6000020131083","","月火水木金","08:30:00","17:00:00","祝日・年末年始除く","","","","","","","",""
"131083","131083700020","江東区","第二大島小学校","ダイニオオジマショウガッコウ","","131083","","東京都江東区大島3-16-2","東京都","江東区","大島3丁目","16-2","","35.690175","139.829854","階数","1","1階第一玄関","(03)3684-4315","","","","","1360072","6000020131083","","月火水木金","08:00:00","16:00:00","学校開庁日","","","","","","","",""
"131083","131083700021","江東区","第二大島中学校","ダイニオオジマチュウガッコウ","","131083","","東京都江東区大島3-27-18","東京都","江東区","大島3丁目","27-18","","35.691654","139.831116","階数","1","1階来賓職員玄関","(03)3685-1681","","","","","1360072","6000020131083","","月火水木金","08:00:00","16:00:00","学校開庁日","","","","","","","",""
"131083","131083700022","江東区","大島西中学校","オオジマニシチュウガッコウ","","131083","","東京都江東区大島4-1-23","東京都","江東区","大島4丁目","1-23","","35.686324","139.827748","階数","1","1階正面玄関","(03)3636-4591","","","","","1360072","6000020131083","","月火水木金","08:00:00","16:00:00","学校開庁日","","","","","","","",""
"131083","131083700023","江東区","大島子ども家庭支援センター","オオジマコドモカテイシエンセンター","","131083","","東京都江東区大島4-1-37","東京都","江東区","大島4丁目","1-37","","35.687359","139.828182","階数","2","２階 事務室","(03)5836-1621","","","","","1360072","6000020131083","","月火水木金土","09:00:00","18:00:00","祝日・年末年始除く","","","","","","","",""
"131083","131083700024","江東区","大島第二保育園","オオジマダイニホイクエン","","131083","","東京都江東区大島4-1-6-130","東京都","江東区","大島4丁目","1-6-130","","35.687102","139.830333","","","事務室","(03)3685-6059","","","","","1360072","6000020131083","","月火水木金土","07:30:00","19:30:00","祝日・年末年始除く","","","","","","","",""
"131083","131083700025","江東区","総合区民センター","ソウゴウクミンセンター","","131083","","東京都江東区大島4-5-1","東京都","江東区","大島4丁目","5-1","","35.689028","139.826985","階数","2","2F展示ホール","(03)3637-2261","","","","","1360072","6000020131083","","月火水木金土日","08:30:00","22:00:00","年末年始第2・4月曜除く","","","","","","","",""
"131083","131083700026","江東区","大島福祉会館","オオジマフクシカイカン","","131083","","東京都江東区大島4-5-1総合区民センター3F","東京都","江東区","大島4丁目","5-1 総合区民センター3F","","35.689028","139.826985","","","事務室内受付窓口","(03)3637-2581","","","","","1360072","6000020131083","","月火水木金土日","09:00:00","18:00:00","第２・４日曜・祝日・年末年始除く","","","","","","","",""
"131083","131083700027","江東区","大島南央小学校","オオジマナンオウショウガッコウ","","131083","","東京都江東区大島4-18-5","東京都","江東区","大島4丁目","18-5","","35.687240","139.831702","階数","1","1階正面玄関","(03)3636-2116","","","","","1360072","6000020131083","","月火水木金","08:00:00","16:00:00","学校開庁日","","","","","","","",""
"131083","131083700028","江東区","大島第五保育園","オオジマダイゴホイクエン","","131083","","東京都江東区大島4-21-3-101","東京都","江東区","大島4丁目","21-3-101","","35.686198","139.832066","","","玄関","(03)3637-0464","","","","","1360072","6000020131083","","月火水木金土","07:30:00","20:30:00","祝日・年末年始除く","","","","","","","",""
"131083","131083700029","江東区","シルバー人材センター大島作業所","シルバージンザイセンターオオジマサギョウショ","","131083","","東京都江東区大島5-21-14","東京都","江東区","大島5丁目","21-14","","35.685944","139.833237","","","作業所内","(03)3649-3533","","","","","1360072","6000020131083","","月火水木金","09:00:00","16:00:00","作業日に限る","","","","","","","",""
"131083","131083700030","江東区","大島幼稚園","オオジマヨウチエン","","131083","","東京都江東区大島5-38-1","東京都","江東区","大島5丁目","38-1","","35.687186","139.835941","階数","1","1階玄関","(03)3684-3396","","","","","1360072","6000020131083","","月火水木金","08:00:00","16:00:00","学校開庁日","","","","","","","",""
"131083","131083700031","江東区","大島保育園","オオジマホイクエン","","131083","","東京都江東区大島5-40-4-1F","東京都","江東区","大島5丁目","40-4-1F","","35.686947","139.837372","","","事務室","(03)3681-9026","","","","","1360072","6000020131083","","月火水木金土","07:30:00","19:30:00","祝日・年末年始除く","","","","","","","",""
"131083","131083700032","江東区","大島第三保育園","オオジマダイサンホイクエン","","131083","","東京都江東区大島6-1-6-130","東京都","江東区","大島6丁目","1-6-130","","35.693436","139.833229","","","事務室","(03)3685-9091","","","","","1360072","6000020131083","","月火水木金土","07:30:00","19:30:00","祝日・年末年始除く","","","","","","","",""
"131083","131083700033","江東区","第四大島小学校","ダイヨンオオジマショウガッコウ","","131083","","東京都江東区大島6-7-8","東京都","江東区","大島6丁目","7-8","","35.690983","139.834440","階数","1","1階東玄関","(03)3681-9935","","","","","1360072","6000020131083","","月火水木金","08:00:00","16:00:00","学校開庁日","","","","","","","",""
"131083","131083700034","江東区","大島高齢者在宅サービスセンター","オオジマコウレイシャザイタクサービスセンター","","131083","","東京都江東区大島6-14-4-103","東京都","江東区","大島6丁目","14-4-103","","35.693000","139.836305","階数","1","１F医務室内","(03)3638-4511","","","","","1360072","6000020131083","","月火水木金土","08:45:00","17:45:00","祝日・年末年始除く","","","","","","","",""
"131083","131083700035","江東区","大島児童館","オオジマジドウカン","","131083","","東京都江東区大島7-28-1-104","東京都","江東区","大島7丁目","28-1-104","","35.693272","139.840249","","","事務室","(03)3682-9494","","","","","1360072","6000020131083","","火水木金土日","09:00:00","17:00:00","祝日年末年始第１・３・５日曜除く","","","","","","","",""
"131083","131083700036","江東区","第三大島幼稚園","ダイサンオオジマヨウチエン","","131083","","東京都江東区大島7-39-2-101","東京都","江東区","大島7丁目","39-2-101","","35.691363","139.843753","階数","1","1階正面玄関 左側","(03)3685-5945","","","","","1360072","6000020131083","","月火水木金","08:00:00","16:00:00","学校開庁日","","","","","","","",""
"131083","131083700037","江東区","大島第四保育園","オオジマダイヨンホイクエン","","131083","","東京都江東区大島8-12-20-101","東京都","江東区","大島8丁目","12-20-101","","35.687262","139.838939","","","事務室","(03)3685-7471","","","","","1360072","6000020131083","","月火水木金土","07:30:00","19:30:00","祝日・年末年始除く","","","","","","","",""
"131083","131083700038","江東区","大島中学校","オオジマチュウガッコウ","","131083","","東京都江東区大島8-12-22","東京都","江東区","大島8丁目","12-22","","35.686446","139.839616","階数","1","１階主事室前","(03)3684-4321","","","","","1360072","6000020131083","","月火水木金","08:00:00","16:00:00","学校開庁日","","","","","","","",""
"131083","131083700039","江東区","東大島文化センター","ヒガシオオジマブンカセンター","","131083","","東京都江東区大島8-33-9","東京都","江東区","大島8丁目","33-9","","35.689781","139.842444","階数","1","1Fロビー(事務所窓口脇)","(03)3681-6331","","","","","1360072","6000020131083","","月火水木金土日","09:00:00","22:00:00","年末年始第1・3月曜除く","","","","","","","",""
"131083","131083700040","江東区","第五大島小学校","ダイゴオオジマショウガッコウ","","131083","","東京都江東区大島8-40-13","東京都","江東区","大島8丁目","40-13","","35.688344","139.844480","階数","1","1階正面玄関 主事室前","(03)3681-5011","","","","","1360072","6000020131083","","月火水木金","08:00:00","16:00:00","学校開庁日","","","","","","","",""
"131083","131083700041","江東区","中川船番所資料館","ナカガワフナバンショシリョウカン","","131083","","東京都江東区大島9-1-15","東京都","江東区","大島9丁目","1-15","","35.687677","139.846285","階数","1","1Fロビー","(03)3636-9091","","","","","1360072","6000020131083","","火水木金土日","08:30:00","17:00:00","年末年始除く","","","","","","","",""
"131083","131083700042","江東区","東大島図書館","ヒガシオオジマトショカン","","131083","","東京都江東区大島9-4-2-101","東京都","江東区","大島9丁目","4-2-101","","35.690997","139.845787","階数","1","１階カウンター","(03)3681-4646","","","","","1360072","6000020131083","","月火水木金土日","09:00:00","20:00:00","日曜祝日は19:00,年末年始休館日除く","","","","","","","",""
"131083","131083700043","江東区","第三大島小学校","ダイサノオジマショウガッコウ","","131083","","東京都江東区大島9-5-3","東京都","江東区","大島9丁目","5-3","","35.692591","139.845092","階数","1","1階正面玄関 主事室前","(03)3681-9204","","","","","1360072","6000020131083","","月火水木金","08:00:00","16:00:00","学校開庁日","","","","","","","",""
"131083","131083700044","江東区","きっずクラブ三大","キッズクラブサンダイ","","131083","","東京都江東区大島9-6-17","東京都","江東区","大島9丁目","6-17","","35.692829","139.844086","","","事務室","(03)5626-6921","","","","","1360072","6000020131083","","月火水木金","15:00:00","19:00:00","学校休業日・土8:30-17:00","","","","","","","",""
"131083","131083700045","江東区","わかば保育園","ワカバホイクエン","","131083","","東京都江東区大島9-7-8-101","東京都","江東区","大島9丁目","7-8-101","","35.694110","139.844293","","","事務室","(03)3682-1461","","","","","1360072","6000020131083","","月火水木金土","07:30:00","19:30:00","祝日・年末年始除く","","","","","","","",""
"131083","131083700046","江東区","川の駅","カワノエキ","","131083","","東京都江東区大島9-10","東京都","江東区","大島9丁目","10","","35.687687","139.846786","","","にぎわい施設","(03)5858-8430","","","","","1360072","6000020131083","","土日","11:00:00","16:00:00","施設営業日","","","","","","","",""
"131083","131083700047","江東区","第三亀戸中学校","ダイサンカメイドチュウガッコウ","","131083","","東京都江東区亀戸1-12-10","東京都","江東区","亀戸1丁目","12-10","","35.695158","139.821210","階数","2","2階職員室前 廊下","(03)3684-4320","","","","","1360071","6000020131083","","月火水木金","08:00:00","16:00:00","学校開庁日","","","","","","","",""
"131083","131083700048","江東区","亀戸福祉会館","カメイドフクシカイカン","","131083","","東京都江東区亀戸1-24-6","東京都","江東区","亀戸1丁目","24-6","","35.694672","139.824059","階数","2","2F事務室","(03)3685-8208","","","","","1360071","6000020131083","","月火水木金土日","09:00:00","18:00:00","第２・４日曜・祝日・年末年始除く","","","","","","","",""
"131083","131083700049","江東区","亀戸第三保育園","カメイドダイサンホイクエン","","131083","","東京都江東区亀戸1-24-6","東京都","江東区","亀戸1丁目","24-6","","35.694722","139.824267","","","事務室","(03)3685-2883","","","","","1360071","6000020131083","","月火水木金土","07:30:00","19:30:00","祝日・年末年始除く","","","","","","","",""
"131083","131083700050","江東区","亀戸児童館","カメイドジドウカン","","131083","","東京都江東区亀戸2-1-19","東京都","江東区","亀戸2丁目","1-19","","35.697753","139.821688","","","事務室","(03)3685-5944","","","","","1360071","6000020131083","","月火水木金土日","09:00:00","18:00:00","祝日年末年始第2・4日曜除く","","","","","","","",""
"131083","131083700051","江東区","第一亀戸小学校","ダイイチカメイドショウガッコウ","","131083","","東京都江東区亀戸2-5-7","東京都","江東区","亀戸2丁目","5-7","","35.698850","139.822237","階数","1","1階玄関 主事室横","(03)3684-4300","","","","","1360071","6000020131083","","月火水木金","08:00:00","16:00:00","学校開庁日","","","","","","","",""
"131083","131083700052","江東区","第一亀戸幼稚園","ダイイチカメイドヨウチエン","","131083","","東京都江東区亀戸2-5-7","東京都","江東区","亀戸2丁目","5-7","","35.698850","139.822236","階数","1","１階正面玄関 職員室前","(03)3685-8227","","","","","1360071","6000020131083","","月火水木金","08:00:00","16:00:00","学校開庁日","","","","","","","",""
"131083","131083700053","江東区","亀戸文化センター","カメイドブンカセンター","","131083","","東京都江東区亀戸2-19-1","東京都","江東区","亀戸2丁目","19-1","","35.697648","139.824521","階数;階数","1;3","1Fロビー;3Fホールロビー","(03)5626-2121","","","","","1360071","6000020131083","","月火水木金土日","09:00:00","22:00:00","年末年始第2・4月曜除く","","","","","","","",""
"131083","131083700054","江東区","亀戸高齢者在宅サービスセンター","カメイドコウレイシャザイタクサービスセンター","","131083","","東京都江東区亀戸4-21-13","東京都","江東区","亀戸4丁目","21-13","","35.702610","139.826622","階数","3","３F事務室内","(03)5626-0130","","","","","1360071","6000020131083","","月火水木金土","08:45:00","17:45:00","祝日・年末年始除く","","","","","","","",""
"131083","131083700055","江東区","亀戸第四保育園","カメイドダイヨンホイクエン","","131083","","東京都江東区亀戸4-21-13","東京都","江東区","亀戸4丁目","21-13","","35.702614","139.826605","階数","1","1F職員室内","(03)3685-2884","","","","","1360071","6000020131083","","月火水木金土","07:30:00","20:30:00","祝日・年末年始除く","","","","","","","",""
"131083","131083700056","江東区","香取小学校","カトリショウガッコウ","","131083","","東京都江東区亀戸4-26-22","東京都","江東区","亀戸4丁目","26-22","","35.703857","139.826111","階数","1","1階正面玄関 主事室前","(03)3684-4306","","","","","1360071","6000020131083","","月火水木金","08:00:00","16:00:00","学校開庁日","","","","","","","",""
"131083","131083700057","江東区","第二亀戸中学校","ダイニカメイドチュウガッコウ","","131083","","東京都江東区亀戸4-51-1","東京都","江東区","亀戸4丁目","51-1","","35.702625","139.832428","階数","1","1階玄関 主事室前","(03)3681-7906","","","","","1360071","6000020131083","","月火水木金","08:00:00","16:00:00","学校開庁日","","","","","","","",""
"131083","131083700058","江東区","水神小学校","スイジンショウガッコウ","","131083","","東京都江東区亀戸5-22-22","東京都","江東区","亀戸5丁目","22-22","","35.700074","139.828514","階数","1","1階正面玄関 主事室前","(03)3681-1952","","","","","1360071","6000020131083","","月火水木金","08:00:00","16:00:00","学校開庁日","","","","","","","",""
"131083","131083700059","江東区","竪川河川敷公園","タテカワカセンジキコウエン","","131083","","東京都江東区亀戸6-33-10","東京都","江東区","亀戸6丁目","33-10","","35.694050","139.829866","","","管理事務所","(03)5875-2319","","","","","1360071","6000020131083","","月火水木金土日","09:00:00","21:00:00","年末年始除く","","","","","","","",""
"131083","131083700060","江東区","第二亀戸小学校","ダイニカメイドショウガッコウ","","131083","","東京都江東区亀戸6-36-1","東京都","江東区","亀戸6丁目","36-1","","35.695575","139.830577","階数","1","1階正面玄関 柱時計下","(03)3684-4303","","","","","1360071","6000020131083","","月火水木金","08:00:00","16:00:00","学校開庁日","","","","","","","",""
"131083","131083700061","江東区","第二亀戸幼稚園","ダイニカメイドヨウチエン","","131083","","東京都江東区亀戸6-36-1","東京都","江東区","亀戸6丁目","36-1","","35.694821","139.829838","階数","1","１階職員室 園庭出入口","(03)3684-1894","","","","","1360071","6000020131083","","月火水木金","08:00:00","16:00:00","学校開庁日","","","","","","","",""
"131083","131083700062","江東区","亀戸保育園","カメイドホイクエン","","131083","","東京都江東区亀戸6-54-2-101","東京都","江東区","亀戸6丁目","54-2-101","","35.696509","139.832534","","","事務室","(03)3682-9546","","","","","1360071","6000020131083","","月火水木金土","07:30:00","19:30:00","祝日・年末年始除く","","","","","","","",""
"131083","131083700063","江東区","亀戸第三児童館","カメイドダイサンジドウカン","","131083","","東京都江東区亀戸7-39-9","東京都","江東区","亀戸7丁目","39-9","","35.696971","139.839316","","","事務室","(03)3636-5341","","","","","1360071","6000020131083","","火水木金土日","09:00:00","17:00:00","祝日年末年始第１・３・５日曜除く","","","","","","","",""
"131083","131083700064","江東区","亀戸図書館","カメイドトショカン","","131083","","東京都江東区亀戸7-39-9","東京都","江東区","亀戸7丁目","39-9","","35.696952","139.839322","階数","1","１階カウンター","(03)3636-6061","","","","","1360071","6000020131083","","月火水木金土日","09:00:00","20:00:00","日曜祝日は19:00,年末年始休館日除く","","","","","","","",""
"131083","131083700065","江東区","青少年交流プラザ","セイショウネンコウリュウプラザ","","131083","","東京都江東区亀戸7-41-16","東京都","江東区","亀戸7丁目","41-16","","35.696774","139.837402","階数","1","１F事務室","(03)3681-7334","","","","","1360071","6000020131083","","月火水木金土日","09:00:00","22:00:00","年末年始第２・４月曜除く","","","","","","","",""
"131083","131083700066","江東区","亀戸第二保育園","カメイドダイニホイクエン","","131083","","東京都江東区亀戸7-41-16","東京都","江東区","亀戸7丁目","41-16","","35.696728","139.837708","","","事務室","(03)3684-4386","","","","","1360071","6000020131083","","月火水木金土","07:30:00","19:30:00","祝日・年末年始除く","","","","","","","",""
"131083","131083700067","江東区","亀戸スポーツセンター","カメイドスポーツセンター","","131083","","東京都江東区亀戸8-22-1","東京都","江東区","亀戸8丁目","22-1","","35.700295","139.836635","階数","1","１Fロビー","(03)5609-9571","","","","","1360071","6000020131083","","月火水木金土日","08:30:00","22:00:00","休館日等除く","","","","","","","",""
"131083","131083700068","江東区","亀戸中学校","カメイドチュウガッコウ","","131083","","東京都江東区亀戸9-2-2","東京都","江東区","亀戸9丁目","2-2","","35.695357","139.841936","階数","1","1階正面玄関 主事室前","(03)3681-0246","","","","","1360071","6000020131083","","月火水木金","08:00:00","16:00:00","学校開庁日","","","","","","","",""
"131083","131083700069","江東区","亀戸福祉園","カメイドフクシエン","","131083","","東京都江東区亀戸9-6-29","東京都","江東区","亀戸9丁目","6-29","","35.696339","139.841843","階数","1","１F医務室内","(03)3683-1451","","","","","1360071","6000020131083","","月火水木金","09:00:00","17:00:00","年末年始・夏季休業日除く","","","","","","","",""
"131083","131083700070","江東区","浅間竪川小学校","センゲンタテカワショウガッコウ","","131083","","東京都江東区亀戸9-22-4","東京都","江東区","亀戸9丁目","22-4","","35.698730","139.841727","階数","1","1階正面玄関 主事室受付横","(03)3684-4311","","","","","1360071","6000020131083","","月火水木金","08:00:00","16:00:00","学校開庁日","","","","","","","",""
"131083","131083700071","江東区","亀戸老人福祉センター","カメイドロウジンフクシセンター","","131083","","東京都江東区亀戸9-33-2-101","東京都","江東区","亀戸9丁目","33-2-101","","35.698971","139.842219","階数","1","1F事務所窓口","(03)5609-8822","","","","","1360071","6000020131083","","月火水木金土日","09:00:00","21:30:00","年末年始第２・４日曜除く","","","","","","","",""
"131083","131083700072","江東区","きっずクラブ浅間竪川","キッズクラブセンゲンタテカワ","","131083","","東京都江東区亀戸9-34-1-141","東京都","江東区","亀戸9丁目","34-1-141","","35.700199","139.841461","","","事務室","(03)3684-3901","","","","","1360071","6000020131083","","月火水木金","15:00:00","19:00:00","学校休業日・土8:30-17:00","","","","","","","",""
"131083","131083700073","江東区","北砂保育園","キタスナホイクエン","","131083","","東京都江東区北砂1-1-4-101","東京都","江東区","北砂1丁目","1-4-101","","35.682407","139.821616","","","事務室","(03)3647-4430","","","","","1360073","6000020131083","","月火水木金土","07:30:00","19:30:00","祝日・年末年始除く","","","","","","","",""
"131083","131083700074","江東区","スポーツ会館","スポーツカイカン","","131083","","東京都江東区北砂1-2-9","東京都","江東区","北砂1丁目","2-9","","35.684188","139.821598","階数","1","１Fｴﾚﾍﾞｰﾀｰﾎｰﾙ前;事務所","(03)3649-1701","","","","","1360073","6000020131083","","月火水木金土日","08:30:00","22:00:00","休館日等除く","","","","","","","",""
"131083","131083700075","江東区","小名木川保育園","オナギガワホイクエン","","131083","","東京都江東区北砂1-3-30","東京都","江東区","北砂1丁目","3-30","","35.684163","139.823721","","","事務室","(03)3645-6807","","","","","1360073","6000020131083","","月火水木金土","07:30:00","20:30:00","祝日・年末年始除く","","","","","","","",""
"131083","131083700076","江東区","きっずクラブ北砂","キッズクラブキタスナ","","131083","","東京都江東区北砂1-3-33","東京都","江東区","北砂1丁目","3-33","","35.683762","139.823883","","","事務室","(03)3647-1981","","","","","1360073","6000020131083","","月火水木金","15:00:00","19:00:00","学校休業日8:30-17:00","","","","","","","",""
"131083","131083700077","江東区","北砂小学校","キタスナショウガッコウ","","131083","","東京都江東区北砂1-3-36","東京都","江東区","北砂1丁目","3-36","","35.683110","139.823495","階数","1","1階正面玄関 主事室前","(03)3649-3463","","","","","1360073","6000020131083","","月火水木金","08:00:00","16:00:00","学校開庁日","","","","","","","",""
"131083","131083700078","江東区","砂町出張所","スナマチシュッチョウジョ","","131083","","東京都江東区北砂4-7-3","東京都","江東区","北砂4丁目","7-3","","35.677448","139.828460","階数","1","１F出張所内","(03)3644-2181","","","","","1360073","6000020131083","","月火水木金","08:30:00","17:00:00","祝日・年末年始除く","","","","","","","",""
"131083","131083700079","江東区","砂町小学校","スナマチショウガッコウ","","131083","","東京都江東区北砂4-13-23","東京都","江東区","北砂4丁目","13-23","","35.677699","139.829079","階数","1","1階昇降口 職員靴箱脇","(03)3644-0703","","","","","1360073","6000020131083","","月火水木金","08:00:00","16:00:00","学校開庁日","","","","","","","",""
"131083","131083700080","江東区","城東老人福祉センター","ジョウトウロウジンフクシセンター","","131083","","東京都江東区北砂4-20-12","東京都","江東区","北砂4丁目","20-12","","35.677499","139.831944","階数","1","1F事務室","(03)3640-8651","","","","","1360073","6000020131083","","月火水木金土日","09:00:00","21:30:00","年末年始第２・４日曜除く","","","","","","","",""
"131083","131083700081","江東区","砂町文化センター","スナマチブンカセンター","","131083","","東京都江東区北砂5-1-7","東京都","江東区","北砂5丁目","1-7","","35.680393","139.832012","階数","1","1Fロビー(事務所窓口脇)","(03)3640-1751","","","","","1360073","6000020131083","","月火水木金土日","09:00:00","22:00:00","年末年始第1・3月曜除く","","","","","","","",""
"131083","131083700082","江東区","小名木川第二保育園","オナギガワダイニホイクエン","","131083","","東京都江東区北砂5-20-3-101","東京都","江東区","北砂5丁目","20-3-101","","35.682153","139.832039","","","事務室","(03)3647-9137","","","","","1360073","6000020131083","","月火水木金土","07:30:00","19:30:00","祝日・年末年始除く","","","","","","","",""
"131083","131083700083","江東区","小名木川児童館","オナギガワジドウカン","","131083","","東京都江東区北砂5-20-5-101","東京都","江東区","北砂5丁目","20-5-101","","35.682333","139.833738","","","事務室","(03)3640-1941","","","","","1360073","6000020131083","","月火水木金土日","09:00:00","18:00:00","祝日年末年始第2・4日曜除く","","","","","","","",""
"131083","131083700084","江東区","なでしこ幼稚園","ナデシコヨウチエン","","131083","","東京都江東区北砂5-20-7-102","東京都","江東区","北砂5丁目","20-7-102","","35.683680","139.834175","階数","1","1階玄関右 靴箱上","(03)3640-7275","","","","","1360073","6000020131083","","月火水木金","08:00:00","16:00:00","学校開庁日","","","","","","","",""
"131083","131083700085","江東区","亀高保育園","カメタカホイクエン","","131083","","東京都江東区北砂5-20-9-101","東京都","江東区","北砂5丁目","20-9-101","","35.684531","139.833071","","","事務室","(03)3647-9138","","","","","1360073","6000020131083","","月火水木金土","07:30:00","20:30:00","祝日・年末年始除く","","","","","","","",""
"131083","131083700086","江東区","亀高第二保育園","カメタカダイニホイクエン","","131083","","東京都江東区北砂5-20-10-101","東京都","江東区","北砂5丁目","20-10-101","","35.685362","139.834121","","","事務室","(03)3648-9371","","","","","1360073","6000020131083","","月火水木金土","07:30:00","19:30:00","祝日・年末年始除く","","","","","","","",""
"131083","131083700087","江東区","亀高小学校","カメタカショウガッコウ","","131083","","東京都江東区北砂5-20-16","東京都","江東区","北砂5丁目","20-16","","35.684989","139.834482","階数","1","1階正面玄関 主事室前","(03)3640-5324","","","","","1360073","6000020131083","","月火水木金","08:00:00","16:00:00","学校開庁日","","","","","","","",""
"131083","131083700088","江東区","第四砂町中学校","ダイヨンスナマチチュウガッコウ","","131083","","東京都江東区北砂5-20-17","東京都","江東区","北砂5丁目","20-17","","35.684711","139.831599","階数","1","1階正面玄関 主事室前","(03)3644-0569","","","","","1360073","6000020131083","","月火水木金","08:00:00","16:00:00","学校開庁日","","","","","","","",""
"131083","131083700089","江東区","小名木川小学校","オナギガワショウガッコウ","","131083","","東京都江東区北砂5-22-10","東京都","江東区","北砂5丁目","22-10","","35.682386","139.831198","階数","1","1階正面玄関 主事室前","(03)3644-2029","","","","","1360073","6000020131083","","月火水木金","08:00:00","16:00:00","学校開庁日","","","","","","","",""
"131083","131083700090","江東区","砂町中学校","スナマチチュウガッコウ","","131083","","東京都江東区北砂6-16-28","東京都","江東区","北砂6丁目","16-28","","35.685228","139.837030","階数","1","1階正面玄関 主事室前","(03)3644-3096","","","","","1360073","6000020131083","","月火水木金","08:00:00","16:00:00","学校開庁日","","","","","","","",""
"131083","131083700091","江東区","北砂ホーム","キタスナホーム","","131083","","東京都江東区北砂6-20-30","東京都","江東区","北砂6丁目","20-30","","35.683075","139.838398","階数","1","３F介護ステーション内","(03)5606-1731","","","","","1360073","6000020131083","","月火水木金土","08:45:00","17:45:00","祝日年末年始除く","","","","","","","",""
"131083","131083700092","江東区","第六砂町小学校","ダイロクスナマチショウガコウ","","131083","","東京都江東区北砂6-26-6","東京都","江東区","北砂6丁目","26-6","","35.682110","139.838535","階数","1","1階正面玄関","(03)3646-4462","","","","","1360073","6000020131083","","月火水木金","08:00:00","16:00:00","学校開庁日","","","","","","","",""
"131083","131083700093","江東区","平久小学校","ヘイキュウショウガッコウ","","131083","","東京都江東区木場1-2-2","東京都","江東区","木場1丁目","2-2","","35.667933","139.802198","階数","1","1階正面玄関 主事室前","(03)3644-0374","","","","","1350042","6000020131083","","月火水木金","08:00:00","16:00:00","学校開庁日","","","","","","","",""
"131083","131083700094","江東区","平久幼稚園","ヘイキュウヨウチエン","","131083","","東京都江東区木場1-2-2","東京都","江東区","木場1丁目","2-2","","35.667931","139.802218","階数","1","１階正面玄関 トイレ横","(03)3645-6260","","","","","1350042","6000020131083","","月火水木金","08:00:00","16:00:00","学校開庁日","","","","","","","",""
"131083","131083700095","江東区","きっずクラブ平久","キッズクラブヘイキュウ","","131083","","東京都江東区木場1-3-6","東京都","江東区","木場1丁目","3-6","","35.668385","139.802383","階数","1","1階事務室","(03)3645-3771","","","","","1350042","6000020131083","","月火水木金","15:00:00","19:00:00","学校休業日・土8:30-17:00","","","","","","","",""
"131083","131083700096","江東区","深川図書館","フカガワトショカン","","131083","","東京都江東区清澄3-3-39","東京都","江東区","清澄3丁目","3-39","","35.679125","139.796757","階数","1","１階カウンター","(03)3641-0062","","","","","1350024","6000020131083","","月火水木金土日","09:00:00","20:00:00","日曜祝日は19:00,年末年始休館日除く","","","","","","","",""
"131083","131083700097","江東区","猿江保育園","サルエホイクエン","","131083","","東京都江東区猿江1-8-10","東京都","江東区","猿江1丁目","8-10","","35.685416","139.813575","階数","1","1F事務室内","(03)3631-7315","","","","","1350003","6000020131083","","月火水木金土","07:30:00","19:30:00","祝日・年末年始除く","","","","","","","",""
"131083","131083700098","江東区","塩浜保育園","シオハマホイクエン","","131083","","東京都江東区塩浜1-3-10","東京都","江東区","塩浜1丁目","3-10","","35.663757","139.801220","階数","1","1F事務室内出入口付近","(03)3647-0480","","","","","1350043","6000020131083","","月火水木金土","07:30:00","20:30:00","祝日・年末年始除く","","","","","","","",""
"131083","131083700099","江東区","塩浜福祉会館","シオハマフクシカイカン","","131083","","東京都江東区塩浜2-5-20-2F","東京都","江東区","塩浜2丁目","5-20-2F","","35.661858","139.805432","階数","2","2F事務室受付","(03)3647-3901","","","","","1350043","6000020131083","","火水木金土日","09:00:00","17:00:00","第１・３・５日曜・祝日・年末年始除く","","","","","","","",""
"131083","131083700100","江東区","塩崎保育園","シオザキホイクエン","","131083","","東京都江東区塩浜2-6-3","東京都","江東区","塩浜2丁目","6-3","","35.660972","139.808700","","","事務室","(03)3645-6014","","","","","1350043","6000020131083","","月火水木金土","07:30:00","19:30:00","祝日・年末年始除く","","","","","","","",""
"131083","131083700101","江東区","塩浜ホーム","シオハマホーム","","131083","","東京都江東区塩浜2-7-17","東京都","江東区","塩浜2丁目","7-17","","35.662922","139.807312","","","介護ステーション内","(03)5683-5571","","","","","1350043","6000020131083","","月火水木金土","08:45:00","17:45:00","祝日年末年始除く","","","","","","","",""
"131083","131083700102","江東区","きっずクラブ塩浜","キッズクラブシオハマ","","131083","","東京都江東区塩浜2-8-29-101","東京都","江東区","塩浜2丁目","8-29-101","","35.663151","139.806915","","","事務室","(03)3647-7093","","","","","1350043","6000020131083","","月火水木金","15:00:00","19:00:00","学校休業日8:30-17:00","","","","","","","",""
"131083","131083700103","江東区","深川第八中学校","フカガワダイハチチュウガッコウ","","131083","","東京都江東区塩浜2-21-14","東京都","江東区","塩浜2丁目","21-14","","35.664748","139.812090","階数","1","1階正面玄関","(03)3647-0581","","","","","1350043","6000020131083","","月火水木金","08:00:00","16:00:00","学校開庁日","","","","","","","",""
"131083","131083700104","江東区","潮見野球場・庭球場","シオミヤキュウジョウ・テイキュウジョウ","","131083","","東京都江東区潮見1-1-1","東京都","江東区","潮見1丁目","1-1","","35.655955","139.810200","","","管理事務所","(03)3645-1210","","","","","1350052","6000020131083","","月火水木金土日","08:00:00","18:00:00","第２・４月曜日、年末年始除く（季節により短縮あり）","","","","","","","",""
"131083","131083700105","江東区","潮見保育園","シオミホイクエン","","131083","","東京都江東区潮見1-29-15-101","東京都","江東区","潮見1丁目","29-15-101","","35.655946","139.814647","","","静養室","(03)5632-1304","","","","","1350052","6000020131083","","月火水木金土","07:30:00","19:30:00","祝日・年末年始除く","","","","","","","",""
"131083","131083700106","江東区","環境学習情報館（えこっくる江東）","カンキョウガクシュウジョウホウカン","","131083","","東京都江東区潮見1-29-7","東京都","江東区","潮見1丁目","29-7","","35.655586","139.811688","階数","1","１Fエレベーターホール","(03)3644-7130","","","","","1350052","6000020131083","","火水木金土日","09:00:00","16:30:00","年末年始除く","","","","","","","",""
"131083","131083700107","江東区","東雲保育園","シノノメホイクエン","","131083","","東京都江東区東雲1-8-5-101","東京都","江東区","東雲1丁目","8-5-101","","35.644923","139.800105","","","事務室","(03)3531-9575","","","","","1350062","6000020131083","","月火水木金土","07:30:00","19:30:00","祝日・年末年始除く","","","","","","","",""
"131083","131083700108","江東区","きっずクラブ東雲第二","キッズクラブシノノメダイニ","","131083","","東京都江東区東雲1-9-13-101","東京都","江東区","東雲1丁目","9-13-101","","35.646328","139.802094","","","事務室","(03)3534-2500","","","","","1350062","6000020131083","","月火水木金","15:00:00","19:00:00","学校休業日8:30-17:00","","","","","","","",""
"131083","131083700109","江東区","グランチャ東雲","グランチャシノノメ","","131083","","東京都江東区東雲1-9-46","東京都","江東区","東雲1丁目","9-46","","35.649186","139.803523","階数;階数;階数","3;5;6","3階事務所窓口;5階いこいフロア;6階事務所","(03)5548-1992","","","","","1350062","6000020131083","","月火水木金土日","09:00:00","21:00:00","第３日曜・年末年始除く","","","","","","","",""
"131083","131083700110","江東区","ひばり幼稚園","ヒバリヨウチエン","","131083","","東京都江東区東雲2-4-1-103","東京都","江東区","東雲2丁目","4-1-103","","35.642258","139.798212","階数","1","1階正面玄関","(03)3529-1454","","","","","1350062","6000020131083","","月火水木金","08:00:00","16:00:00","学校開庁日","","","","","","","",""
"131083","131083700111","江東区","東雲児童館","シノノメジドウカン","","131083","","東京都江東区東雲2-4-4-102","東京都","江東区","東雲2丁目","4-4-102","","35.643384","139.799215","","","事務室","(03)3529-1795","","","","","1350062","6000020131083","","月火水木金土日","09:00:00","18:00:00","祝日年末年始第2・4日曜除く","","","","","","","",""
"131083","131083700112","江東区","東雲第二保育園","シノノメダイニホイクエン","","131083","","東京都江東区東雲2-4-4-103","東京都","江東区","東雲2丁目","4-4-103","","35.643328","139.799030","","","事務室","(03)3529-1453","","","","","1350062","6000020131083","","月火水木金土","07:30:00","19:30:00","祝日・年末年始除く","","","","","","","",""
"131083","131083700113","江東区","東雲小学校","シノノメショウガッコウ","","131083","","東京都江東区東雲2-4-11","東京都","江東区","東雲2丁目","4-11","","35.642492","139.799062","階数","1","1階東側玄関 主事室前","(03)3529-1451","","","","","1350062","6000020131083","","月火水木金","08:00:00","16:00:00","学校開庁日","","","","","","","",""
"131083","131083700114","江東区","きっずクラブ東雲第三","キッズクラブシノノメダイサン","","131083","","東京都江東区東雲2-7-3","東京都","江東区","東雲2丁目","7-3","","35.642471","139.805750","","","事務室","(03)5530-2236","","","","","1350062","6000020131083","","月火水木金","15:00:00","19:00:00","学校休業日8:30-17:00","","","","","","","",""
"131083","131083700115","江東区","東雲図書館","シノノメトショカン","","131083","","東京都江東区東雲2-7-5-201","東京都","江東区","東雲2丁目","7-5-201","","35.643558","139.805388","階数","2","２階カウンター","(03)3529-1141","","","","","1350062","6000020131083","","月火水木金土日","09:00:00","20:00:00","日曜祝日は19:00,年末年始休館日除く","","","","","","","",""
"131083","131083700116","江東区","深川江戸資料館","フカガワエドシリョウカン","","131083","","東京都江東区白河1-3-28","東京都","江東区","白河1丁目","3-28","","35.681184","139.800593","階数","1","1Fロビー（エレベーター前）","(03)3630-8625","","","","","1350021","6000020131083","","月火水木金土日","09:00:00","22:00:00","年末年始第2・4月曜除く","","","","","","","",""
"131083","131083700117","江東区","白河かもめ保育園","シラカワカモメホイクエン","","131083","","東京都江東区白河1-5-1-101","東京都","江東区","白河1丁目","5-1-101","","35.683371","139.800184","","","玄関","(03)3643-7671","","","","","1350021","6000020131083","","月火水木金土","07:30:00","20:30:00","祝日・年末年始除く","","","","","","","",""
"131083","131083700118","江東区","白河保育園","シラカワホイクエン","","131083","","東京都江東区白河1-7-1","東京都","江東区","白河1丁目","7-1","","35.683192","139.799676","","","事務室","(03)3641-1198","","","","","1350021","6000020131083","","月火水木金土","07:30:00","19:30:00","祝日・年末年始除く","","","","","","","",""
"131083","131083700119","江東区","白河高齢者在宅サービスセンター","シラカワコウレイシャザイタクサービスセンター","","131083","","東京都江東区白河3-4-3-201","東京都","江東区","白河3丁目","4-3-201","","35.682165","139.805759","階数","3","2F静養室内","(03)3630-6591","","","","","1350021","6000020131083","","月火水木金土","08:30:00","18:00:00","祝日・年末年始除く","","","","","","","",""
"131083","131083700120","江東区","深川保健相談所","フカガワホケンソウダンジョ","","131083","","東京都江東区白河3-4-3-301","東京都","江東区","白河3丁目","4-3-301","","35.682222","139.805589","階数","3","３Fだれでもトイレ前","(03)3641-1181","","","","","1350021","6000020131083","","月火水木金","08:30:00","17:00:00","祝日・年末年始除く","","","","","","","",""
"131083","131083700121","江東区","元加賀小学校","モトカガショウガッコウ","","131083","","東京都江東区白河4-3-19","東京都","江東区","白河4丁目","3-19","","35.682002","139.807991","階数","1","1階中央玄関 主事室前","(03)3641-0601","","","","","1350021","6000020131083","","月火水木金","08:00:00","16:00:00","学校開庁日","","","","","","","",""
"131083","131083700122","江東区","元加賀幼稚園","モトカガヨウチエン","","131083","","東京都江東区白河4-9-17","東京都","江東区","白河4丁目","9-17","","35.683266","139.807614","階数","1","１階玄関左 職員室横","(03)3641-1778","","","","","1350021","6000020131083","","月火水木金","08:00:00","16:00:00","学校開庁日","","","","","","","",""
"131083","131083700123","江東区","八名川小学校","ヤナガワショウガッコウ","","131083","","東京都江東区新大橋3-1-15","東京都","江東区","新大橋3丁目","1-15","","35.686821","139.795399","階数","1","1階正面玄関 主事室前","(03)3631-2260","","","","","1350007","6000020131083","","月火水木金","08:00:00","16:00:00","学校開庁日","","","","","","","",""
"131083","131083700124","江東区","多機能ホーム新砂","タキノウホームシンスナ","","131083","","東京都江東区新砂3-3-11","東京都","江東区","新砂3丁目","3-11","","35.666809","139.832886","階数","3","3F介護施設内","(03)5677-1333","","","","","1360075","6000020131083","","月火水木金土日","08:30:00","17:30:00","","","","","","","","",""
"131083","131083700125","江東区","新砂保育園","シンスナホイクエン","","131083","","東京都江東区新砂3-3-11","東京都","江東区","新砂3丁目","3-11","","35.666705","139.832878","階数","1","1F事務室内","(03)5677-1332","","","","","1360075","6000020131083","","月火水木金土","07:30:00","20:30:00","祝日・年末年始除く","","","","","","","",""
"131083","131083700126","江東区","新砂運動場","シンスナウンドウジョウ","","131083","","東京都江東区新砂3-9-1","東京都","江東区","新砂3丁目","9-1","","35.656970","139.835013","","","管理事務所","(03)3648-6610","","","","","1360075","6000020131083","","月火水木金土日","08:00:00","18:00:00","第２・４月曜日、年末年始除く（季節により短縮あり）","","","","","","","",""
"131083","131083700127","江東区","こどもプラザ","コドモプラザ","","131083","","東京都江東区住吉1-9-8","東京都","江東区","住吉1丁目","9-8","","35.687663","139.813398","","","各階","(03)5600-3880","","","","","1350002","6000020131083","","月火水木金土日","09:00:00","18:00:00","第３金曜・年末年始除く","","","","","","","",""
"131083","131083700128","江東区","東川小学校","トウセンショウガッコウ","","131083","","東京都江東区住吉1-12-2","東京都","江東区","住吉1丁目","12-2","","35.688464","139.812506","階数","1","1階正面玄関","(03)3631-5508","","","","","1350002","6000020131083","","月火水木金","08:00:00","16:00:00","学校開庁日","","","","","","","",""
"131083","131083700129","江東区","江東公会堂（ティアラこうとう）","コウトウコウカイドウ","","131083","","東京都江東区住吉2-28-36","東京都","江東区","住吉2丁目","28-36","","35.688496","139.819500","階数","-1","B1F事務所内","(03)3635-5500","","","","","1350002","6000020131083","","月火水木金土日","09:00:00","22:00:00","年末年始第1・3月曜除く","","","","","","","",""
"131083","131083700130","江東区","深川第四中学校","フカガワダイヨンチュウガッコウ","","131083","","東京都江東区千石1-12-12","東京都","江東区","千石1丁目","12-12","","35.678622","139.812922","階数","1","1階正面玄関 主事室前","(03)3644-3077","","","","","1350015","6000020131083","","月火水木金","08:00:00","16:00:00","学校開庁日","","","","","","","",""
"131083","131083700131","江東区","川南小学校","センナンショウガッコウ","","131083","","東京都江東区千石2-9-12","東京都","江東区","千石2丁目","9-12","","35.679720","139.816762","階数","1","1階正面玄関 職員用下駄箱上","(03)3647-0574","","","","","1350015","6000020131083","","月火水木金","08:00:00","16:00:00","学校開庁日","","","","","","","",""
"131083","131083700132","江東区","川南幼稚園","センナンヨウチエン","","131083","","東京都江東区千石2-9-12","東京都","江東区","千石2丁目","9-12","","35.679605","139.816447","階数","1","１階職員室入り口横","(03)3647-2983","","","","","1350015","6000020131083","","月火水木金","08:00:00","16:00:00","学校開庁日","","","","","","","",""
"131083","131083700133","江東区","千田福祉会館","センダフクシカイカン","","131083","","東京都江東区千田21-18","東京都","江東区","千田","21-18","","35.681055","139.816542","","","１Ｆ事務室","(03)3647-0108","","","","","1350013","6000020131083","","月火水木金土日","09:00:00","18:00:00","第２・４日曜・祝日・年末年始除く","","","","","","","",""
"131083","131083700134","江東区","千田保育園","センダホイクエン","","131083","","東京都江東区千田22-8","東京都","江東区","千田","22-8","","35.680588","139.816560","階数","1","1F事務室内","(03)5683-1266","","","","","1350013","6000020131083","","月火水木金土","07:30:00","20:30:00","祝日・年末年始除く","","","","","","","",""
"131083","131083700135","江東区","深川北子ども家庭支援センター","フカガワキタコドモカテイシエンセンター","","131083","","東京都江東区髙橋14-6","東京都","江東区","髙橋","14-6","","35.686016","139.799227","階数","1","１階 事務室","(03)5600-8701","","","","","1350005","6000020131083","","月火水木金土","09:00:00","18:00:00","祝日・年末年始除く","","","","","","","",""
"131083","131083700136","江東区","深川小学校","フカガワショウガッコウ","","131083","","東京都江東区高橋14-10","東京都","江東区","高橋","14-10","","35.685880","139.799446","階数","1","1階職員室前","(03)3631-2209","","","","","1350005","6000020131083","","月火水木金","08:00:00","16:00:00","学校開庁日","","","","","","","",""
"131083","131083700137","江東区","辰巳中学校","タツミチュガッコウ","","131083","","東京都江東区辰巳1-10-57","東京都","江東区","辰巳1丁目","10-57","","35.646848","139.811368","階数","1","1階職員玄関","(03)3521-8581","","","","","1350053","6000020131083","","月火水木金","08:00:00","16:00:00","学校開庁日","","","","","","","",""
"131083","131083700138","江東区","辰巳第二保育園","タツミダイニホイクエン","","131083","","東京都江東区辰巳1-10-65-101","東京都","江東区","辰巳1丁目","10-65-101","","35.648994","139.810613","","","事務室前廊下","(03)3521-0369","","","","","1350053","6000020131083","","月火水木金土","07:30:00","20:30:00","祝日・年末年始除く","","","","","","","",""
"131083","131083700139","江東区","辰巳第三保育園","タツミダイサンホイクエン","","131083","","東京都江東区辰巳1-10-81-101","東京都","江東区","辰巳1丁目","10-81-101","","35.648198","139.811427","","","玄関","(03)3521-3263","","","","","1350053","6000020131083","","月火水木金土","07:30:00","19:30:00","祝日・年末年始除く","","","","","","","",""
"131083","131083700140","江東区","第二辰巳小学校","ダイニタツミショウガッコウ","","131083","","東京都江東区辰巳1-1-22","東京都","江東区","辰巳1丁目","1-22","","35.648514","139.808422","階数","1","1階北側職員玄関奥 右側壁面","(03)3521-3803","","","","","1350053","6000020131083","","月火水木金","08:00:00","16:00:00","学校開庁日","","","","","","","",""
"131083","131083700141","江東区","辰巳児童館","タツミジドウカン","","131083","","東京都江東区辰巳1-1-36","東京都","江東区","辰巳1丁目","1-36","","35.647534","139.808988","階数","1","1階受付窓口","(03)3521-3261","","","","","1350053","6000020131083","","火水木金土日","09:00:00","17:00:00","祝日年末年始第１・３・５日曜除く","","","","","","","",""
"131083","131083700142","江東区","辰巳小学校","タツミショウガッコウ","","131083","","東京都江東区辰巳1-11-1","東京都","江東区","辰巳1丁目","11-1","","35.646516","139.809991","階数","1","1階正面玄関 主事室前","(03)3521-1164","","","","","1350053","6000020131083","","月火水木金","08:00:00","16:00:00","学校開庁日","","","","","","","",""
"131083","131083700143","江東区","辰巳幼稚園","タツミヨウチエン","","131083","","東京都江東区辰巳1-11-1","東京都","江東区","辰巳1丁目","11-1","","35.646275","139.810653","","","職員玄関 職員室前","(03)3521-2187","","","","","1350053","6000020131083","","月火水木金","08:00:00","16:00:00","学校開庁日","","","","","","","",""
"131083","131083700144","江東区","保健所・健康センター","ホケンジョ・ケンコウセンター","","131083","","東京都江東区東陽2-1-1","東京都","江東区","東陽2丁目","1-1","","35.665740","139.814215","階数","1","1階ホール","(03)3647-5402","","","","","1350016","6000020131083","","月火水木金土日","09:00:00","21:00:00","第２・４月曜日、年末年始除く","","","","","","","",""
"131083","131083700145","江東区","江東ホーム","コウトウホーム","","131083","","東京都江東区東陽2-1-2","東京都","江東区","東陽2丁目","1-2","","35.665877","139.814935","階数","2","２F介護ステーション","(03)3647-5081","","","","","1350016","6000020131083","","月火水木金土","08:45:00","17:45:00","祝日年末年始除く","","","","","","","",""
"131083","131083700146","江東区","東陽中学校","トウヨウチュウガッコウ","","131083","","東京都江東区東陽2-1-8","東京都","江東区","東陽2丁目","1-8","","35.666755","139.814050","階数","1","1階玄関壁","(03)3645-2381","","","","","1350016","6000020131083","","月火水木金","08:00:00","16:00:00","学校開庁日","","","","","","","",""
"131083","131083700147","江東区","南陽幼稚園","ナンヨウヨウチエン","","131083","","東京都江東区東陽2-1-14","東京都","江東区","東陽2丁目","1-14","","35.667456","139.813757","階数","1","1階正面玄関 正面扉右横","(03)3649-1077","","","","","1350016","6000020131083","","月火水木金","08:00:00","16:00:00","学校開庁日","","","","","","","",""
"131083","131083700148","江東区","南陽小学校","ナンヨウショウガッコウ","","131083","","東京都江東区東陽2-1-20","東京都","江東区","東陽2丁目","1-20","","35.668420","139.813776","階数;階数","1;1","1階正面玄関 主事室前;増築校舎１階玄関 図工室前","(03)3649-3461","","","","","1350016","6000020131083","","月火水木金","08:00:00","16:00:00","学校開庁日","","","","","","","",""
"131083","131083700149","江東区","東陽子ども家庭支援センター","トウヨウコドモカテイシエンセンター","","131083","","東京都江東区東陽3-1-2","東京都","江東区","東陽3丁目","1-2","","35.668562","139.808592","階数","1","１階 エレベーター前","(03)3699-4871","","","","","1350016","6000020131083","","月火水木金土","09:00:00","18:00:00","祝日・年末年始除く","","","","","","","",""
"131083","131083700150","江東区","東陽保育園","トウヨウホイクエン","","131083","","東京都江東区東陽3-22-1-101","東京都","江東区","東陽3丁目","22-1-101","","35.669207","139.813820","","","事務室","(03)3647-8458","","","","","1350016","6000020131083","","月火水木金土","07:30:00","19:30:00","祝日・年末年始除く","","","","","","","",""
"131083","131083700151","江東区","東陽小学校","トウヨウショウガッコウ","","131083","","東京都江東区東陽3-27-12","東京都","江東区","東陽3丁目","27-12","","35.670679","139.815570","階数","1","1階保健室内","(03)3644-0406","","","","","1350016","6000020131083","","月火水木金","08:00:00","16:00:00","学校開庁日","","","","","","","",""
"131083","131083700152","江東区","産業会館","サンギョウカイカン","","131083","","東京都江東区東陽4-5-18","東京都","江東区","東陽4丁目","5-18","","35.669815","139.818604","","","第6展示室入口横","(03)3699-6011","","","","","1350016","6000020131083","","月火水木金土日","09:00:00","22:00:00","第２・４日曜・祝日・年末年始除く","","","","","","","",""
"131083","131083700153","江東区","江東区文化センター","コウトウクブンカセンター","","131083","","東京都江東区東陽4-11-3","東京都","江東区","東陽4丁目","11-3","","35.672493","139.818666","階数;階数","2;2","2F事務所前;2Fホールロビー倉庫内","(03)3644-8111","","","","","1350016","6000020131083","","月火水木金土日","09:00:00","22:00:00","年末年始第2・4月曜除く","","","","","","","",""
"131083","131083700154","江東区","江東区役所","コウトウクヤクショ","","131083","","東京都江東区東陽4-11-28","東京都","江東区","東陽4丁目","11-28","","35.672774","139.817271","階数;階数","2;4","2階区民ホール;4階ＥＶホール","(03)3647-9111","","","","","1350016","6000020131083","","月火水木金","08:30:00","17:00:00","祝日・年末年始除く","","","","","","","",""
"131083","131083700155","江東区","江東区防災センター","コウトウクボウサイセンター","","131083","","東京都江東区東陽4-11-28","東京都","江東区","東陽4丁目","11-28","","35.671480","139.813656","階数","2","2階連絡通路","(03)3647-9111","","","","","1350016","6000020131083","","月火水木金","08:30:00","17:00:00","祝日・年末年始除く","","","","","","","",""
"131083","131083700156","江東区","東陽児童館","トウヨウジドウカン","","131083","","東京都江東区東陽5-16-13","東京都","江東区","東陽5丁目","16-13","","35.671372","139.811804","","","事務室","(03)3647-8190","","","","","1350016","6000020131083","","火水木金土日","09:00:00","17:00:00","祝日年末年始第１・３・５日曜除く","","","","","","","",""
"131083","131083700157","江東区","豊住庭球場","トヨズミテイキュウジョウ","","131083","","東京都江東区東陽6-1-13","東京都","江東区","東陽6丁目","1-13","","35.674255","139.810686","","","管理事務所","(03)3647-4077","","","","","1350016","6000020131083","","月火水木金土日","08:00:00","18:00:00","第２・４月曜日、年末年始除く（季節により短縮あり）","","","","","","","",""
"131083","131083700158","江東区","東陽福祉会館","トウヨウフクシカイカン","","131083","","東京都江東区東陽6-2-17高齢者総合福祉センター","東京都","江東区","東陽6丁目","2-17 高齢者総合福祉センター","","35.674683","139.812103","階数","1","1F事務所","(03)3647-8180","","","","","1350016","6000020131083","","月火水木金土日","09:00:00","18:00:00","第２・４日曜・祝日・年末年始除く","","","","","","","",""
"131083","131083700159","江東区","シルバー人材センター","シルバージンザイセンター","","131083","","東京都江東区東陽6-2-17高齢者総合福祉センター","東京都","江東区","東陽6丁目","2-17 高齢者総合福祉センター","","35.674683","139.812103","階数","2","２F事務所","(03)3649-3533","","","","","1350016","6000020131083","","月火水木金","09:00:00","17:00:00","祝日・年末年始除く","","","","","","","",""
"131083","131083700160","江東区","東陽高齢者在宅サービスセンター","トウヨウコウレイシャザイタクサービスセンター","","131083","","東京都江東区東陽6-2-17高齢者総合福祉センター","東京都","江東区","東陽6丁目","2-17 高齢者総合福祉センター","","35.674683","139.812103","階数","3","３F事務所","(03)5606-8861","","","","","1350016","6000020131083","","月火水木金土","08:30:00","18:00:00","祝日・年末年始除く","","","","","","","",""
"131083","131083700161","江東区","芭蕉記念館","バショウキネンカン","","131083","","東京都江東区常盤1-6-3","東京都","江東区","常盤1丁目","6-3","","35.686129","139.794053","階数","1","1F受付窓口脇","(03)3631-1448","","","","","1350006","6000020131083","","月火水木金土日","09:00:00","22:00:00","年末年始第2・4月曜除く","","","","","","","",""
"131083","131083700162","江東区","富岡出張所","トミオカシュッチョウジョ","","131083","","東京都江東区富岡1-16-12","東京都","江東区","富岡1丁目","16-12","","35.671769","139.798571","階数","1","１F出張所内","(03)3642-8306","","","","","1350047","6000020131083","","月火水木金","08:30:00","17:00:00","祝日・年末年始除く","","","","","","","",""
"131083","131083700163","江東区","深川庭球場","フカガワテイキュウジョウ","","131083","","東京都江東区富岡1-17-9","東京都","江東区","富岡1丁目","17-9","","35.672278","139.798887","","","管理事務所","(03)3643-3099","","","","","1350047","6000020131083","","月火水木金土日","08:00:00","18:00:00","第２・４月曜日、年末年始除く（季節により短縮あり）","","","","","","","",""
"131083","131083700164","江東区","数矢小学校","カズヤショウガッコウ","","131083","","東京都江東区富岡1-18-7","東京都","江東区","富岡1丁目","18-7","","35.672593","139.799788","階数","1","1階西玄関","(03)3642-0476","","","","","1350047","6000020131083","","月火水木金","08:00:00","16:00:00","学校開庁日","","","","","","","",""
"131083","131083700165","江東区","豊洲文化センター","トヨスブンカセンター","","131083","","東京都江東区豊洲2-2-18豊洲シビックセンター","東京都","江東区","豊洲2丁目","2-18 豊洲シビックセンター","","35.654235","139.795388","階数","8","8Fロビー","(03)3536-5061","","","","","1350061","6000020131083","","月火水木金土日","09:00:00","22:00:00","第２・４月曜日、年末年始除く","","","","","","","",""
"131083","131083700166","江東区","豊洲図書館","トヨストショカン","","131083","","東京都江東区豊洲2-2-18豊洲シビックセンター","東京都","江東区","豊洲2丁目","2-18 豊洲シビックセンター","","35.654235","139.795388","階数","9","9Fホール","(03)3536-5931","","","","","1350061","6000020131083","","月火水木金土日","09:00:00","19:00:00","第3金曜日、年末年始除く","","","","","","","",""
"131083","131083700167","江東区","豊洲特別出張所","トヨストクベツシュッチョウジョ","","131083","","東京都江東区豊洲2-2-18豊洲シビックセンター","東京都","江東区","豊洲2丁目","2-18 豊洲シビックセンター","","35.654235","139.795388","階数","3","3Fエレベータホール","(03)5534-9299","","","","","1350061","6000020131083","","月火水木金","08:30:00","17:00:00","祝日・年末年始除く","","","","","","","",""
"131083","131083700168","江東区","豊洲公園","トヨスコウエン","","131083","","東京都江東区豊洲2-3-6","東京都","江東区","豊洲2丁目","3-6","","35.653267","139.794205","","","管理事務所","(03)3520-8819","","","","","1350061","6000020131083","","月火水木金土日","09:00:00","17:00:00","管理事務所営業日","","","","","","","",""
"131083","131083700169","江東区","きっずクラブ豊洲三丁目","キッズクラブトヨスサンチョウメ","","131083","","東京都江東区豊洲3-5-21-101","東京都","江東区","豊洲3丁目","5-21-101","","35.658382","139.795609","","","育成室内事務コーナー","(03)3533-7388","","","","","1350061","6000020131083","","月火水木金","15:00:00","19:00:00","学校休業日8:30-17:00","","","","","","","",""
"131083","131083700170","江東区","豊洲北小学校","トヨスキタショウガッコウ","","131083","","東京都江東区豊洲3-6-1","東京都","江東区","豊洲3丁目","6-1","","35.658464","139.797824","階数","1","第一校舎1階正面玄関 主事室前","(03)3533-9862","","","","","1350061","6000020131083","","月火水木金","08:00:00","16:00:00","学校開庁日","","","","","","","",""
"131083","131083700171","江東区","豊洲小学校","トヨスショウガッコウ","","131083","","東京都江東区豊洲4-4-4","東京都","江東区","豊洲4丁目","4-4","","35.654030","139.798963","階数","1","1階玄関ホール","(03)3531-7788","","","","","1350061","6000020131083","","月火水木金","08:00:00","16:00:00","学校開庁日","","","","","","","",""
"131083","131083700172","江東区","豊洲幼稚園","トヨスヨウチエン","","131083","","東京都江東区豊洲4-4-4","東京都","江東区","豊洲4丁目","4-4","","35.654031","139.798961","階数","1","1階玄関 靴箱前","(03)3531-9272","","","","","1350061","6000020131083","","月火水木金","08:00:00","16:00:00","学校開庁日","","","","","","","",""
"131083","131083700173","江東区","豊洲保育園","トヨスホイクエン","","131083","","東京都江東区豊洲4-5-8","東京都","江東区","豊洲4丁目","5-8","","35.654743","139.799493","","","事務室内","(03)3533-5427","","","","","1350061","6000020131083","","月火水木金土","07:30:00","20:30:00","祝日・年末年始除く","","","","","","","",""
"131083","131083700174","江東区","豊洲児童館","トヨスジドウカン","","131083","","東京都江東区豊洲4-10-4-111","東京都","江東区","豊洲4丁目","10-4-111","","35.653568","139.802955","","","事務室","(03)3531-2079","","","","","1350061","6000020131083","","火水木金土日","09:00:00","17:00:00","祝日年末年始第１・３・５日曜除く","","","","","","","",""
"131083","131083700175","江東区","深川第五中学校","フカガワダイゴチュウガッコウ","","131083","","東京都江東区豊洲4-11-18","東京都","江東区","豊洲4丁目","11-18","","35.651498","139.799632","階数","1","1階正面玄関 主事室前","(03)3531-7785","","","","","1350061","6000020131083","","月火水木金","08:00:00","16:00:00","学校開庁日","","","","","","","",""
"131083","131083700176","江東区","豊洲西小学校","トヨスニシショウガッコウ","","131083","","東京都江東区豊洲5-1-35","東京都","江東区","豊洲5丁目","1-35","","35.651498","139.795456","階数","1","1階正面玄関内","(03)3534-2821","","","","","1350061","6000020131083","","月火水木金","08:00:00","16:00:00","学校開庁日","","","","","","","",""
"131083","131083700177","江東区","豊洲西小学校体育館棟","トヨスニシショウガッコウタイイクカントウ","","131083","","東京都江東区豊洲5-1-35","東京都","江東区","豊洲5丁目","1-35","","35.651479","139.795414","階数","1","１階監視室","(03)5144-1311","","","","","1350061","6000020131083","","月火水木金土日","09:00:00","21:00:00","第３月曜・年末年始除く、学校開庁日15-21","","","","","","","",""
"131083","131083700178","江東区","豊洲西小学校体育館棟","トヨスニシショウガッコウタイイクカントウ","","131083","","東京都江東区豊洲5-1-35","東京都","江東区","豊洲5丁目","1-35","","35.651479","139.795414","階数","2","2階廊下","(03)5144-1311","","","","","1350061","6000020131083","","月火水木金土日","09:00:00","21:00:00","第３月曜・年末年始除く","","","","","","","",""
"131083","131083700179","江東区","豊洲子ども家庭支援センター","トヨスコドモカテイシエンセンター","","131083","","東京都江東区豊洲5-5-1-201","東京都","江東区","豊洲5丁目","5-1-201","","35.653708","139.796191","階数","1","２階 玄関入口","(03)3536-7681","","","","","1350061","6000020131083","","月火水木金土","09:00:00","18:00:00","祝日・年末年始除く","","","","","","","",""
"131083","131083700180","江東区","豊洲ぐるり公園","トヨスグルリコウエン","","131083","","東京都江東区豊洲6-5-33","東京都","江東区","豊洲6丁目","5-33","","35.637210","139.766707","","","レストラン","(03)5548-7601","","","","","1350061","6000020131083","","月木金土日","11:30:00","19:00:00","施設営業日","","","","","","","",""
"131083","131083700181","江東区","東砂庭球場","ヒガシスナテイキュウジョウ","","131083","","東京都江東区東砂1-2-13","東京都","江東区","東砂1丁目","2-13","","35.683773","139.839689","","","管理事務所","(03)3640-0700","","","","","1360074","6000020131083","","月火水木金土日","08:00:00","18:00:00","第２・４月曜日、年末年始除く（季節により短縮あり）","","","","","","","",""
"131083","131083700182","江東区","東砂第三保育園","ヒガシスナダイサンホイクエン","","131083","","東京都江東区東砂1-5-3-101","東京都","江東区","東砂1丁目","5-3-101","","35.685043","139.843819","","","事務室","(03)3640-6447","","","","","1360074","6000020131083","","月火水木金土","07:30:00","19:30:00","祝日・年末年始除く","","","","","","","",""
"131083","131083700183","江東区","東砂第二保育園","ヒガシスナダイニホイクエン","","131083","","東京都江東区東砂2-6-4-101","東京都","江東区","東砂2丁目","6-4-101","","35.684423","139.843015","","","事務室","(03)3648-4488","","","","","1360074","6000020131083","","月火水木金土","07:30:00","19:30:00","祝日・年末年始除く","","","","","","","",""
"131083","131083700184","江東区","東砂小学校","ヒガシスナショウガッコウ","","131083","","東京都江東区東砂2-12-14","東京都","江東区","東砂2丁目","12-14","","35.683409","139.844103","階数","1","1階正面玄関 主事室前","(03)3648-5818","","","","","1360074","6000020131083","","月火水木金","08:00:00","16:00:00","学校開庁日","","","","","","","",""
"131083","131083700185","江東区","東砂保育園","ヒガシスナホイクエン","","131083","","東京都江東区東砂2-13-2-101","東京都","江東区","東砂2丁目","13-2-101","","35.685119","139.841712","","","事務室","(03)3648-0710","","","","","1360074","6000020131083","","月火水木金土","07:30:00","19:30:00","祝日・年末年始除く","","","","","","","",""
"131083","131083700186","江東区","東砂第二児童館","ヒガシスナダイニジドウカン","","131083","","東京都江東区東砂2-13-13","東京都","江東区","東砂2丁目","13-13","","35.685978","139.841607","","","事務室","(03)3646-1814","","","","","1360074","6000020131083","","火水木金土日","09:00:00","17:00:00","祝日年末年始第１・３・５日曜除く","","","","","","","",""
"131083","131083700187","江東区","第七砂町小学校","ダイナナスナマチショウガッコウ","","131083","","東京都江東区東砂3-21-5","東京都","江東区","東砂3丁目","21-5","","35.678923","139.845973","階数","1","1階正面玄関 主事室前","(03)3644-0543","","","","","1360074","6000020131083","","月火水木金","08:00:00","16:00:00","学校開庁日","","","","","","","",""
"131083","131083700188","江東区","荒川砂町庭球場","アラカワスナマチテイキュウジョウ","","131083","","東京都江東区東砂3-28-13","東京都","江東区","東砂3丁目","28-13","","35.680119","139.845973","","","管理事務所","(03)5632-2338","","","","","1360074","6000020131083","","月火水木金土日","08:00:00","18:00:00","第２・４月曜日、年末年始除く（季節により短縮あり）","","","","","","","",""
"131083","131083700189","江東区","東砂福祉園","ヒガシスナフクシエン","","131083","","東京都江東区東砂3-30-6","東京都","江東区","東砂3丁目","30-6","","35.681023","139.845315","階数","1","１F事務所内","(03)3646-6634","","","","","1360074","6000020131083","","月火水木金","09:00:00","17:00:00","年末年始・夏季休業日除く","","","","","","","",""
"131083","131083700190","江東区","東砂幼稚園","ヒガシスナヨウチエン","","131083","","東京都江東区東砂4-20-1","東京都","江東区","東砂4丁目","20-1","","35.678355","139.839203","階数","1","1階正面玄関 左靴箱上","(03)3644-1942","","","","","1360074","6000020131083","","月火水木金","08:00:00","16:00:00","学校開庁日","","","","","","","",""
"131083","131083700191","江東区","東砂スポーツセンター","ヒガシスナスポーツセンター","","131083","","東京都江東区東砂4-24-1","東京都","江東区","東砂4丁目","24-1","","35.679190","139.839457","階数","1","１Fロビー","(03)5606-3171","","","","","1360074","6000020131083","","月火水木金土日","08:30:00","22:00:00","休館日等除く","","","","","","","",""
"131083","131083700192","江東区","第五砂町幼稚園","ダイゴスナマチヨウチエン","","131083","","東京都江東区東砂7-5-27","東京都","江東区","東砂7丁目","5-27","","35.671449","139.838765","階数","1","１階職員室","(03)3644-2209","","","","","1360074","6000020131083","","月火水木金","08:00:00","16:00:00","学校開庁日","","","","","","","",""
"131083","131083700193","江東区","東砂福祉会館","ヒガシスナフクシカイカン","","131083","","東京都江東区東砂7-15-3","東京都","江東区","東砂7丁目","15-3","","35.674512","139.839726","階数","1","1F受付（事務室内）","(03)3646-0461","","","","","1360074","6000020131083","","月火水木金土日","09:00:00","18:00:00","第２・４日曜・祝日・年末年始除く","","","","","","","",""
"131083","131083700194","江東区","第二砂町小学校","ダイニスナマチショウガッコウ","","131083","","東京都江東区東砂7-17-30","東京都","江東区","東砂7丁目","17-30","","35.674913","139.838754","階数","1","1階正面玄関 主事室前","(03)3640-5322","","","","","1360074","6000020131083","","月火水木金","08:00:00","16:00:00","学校開庁日","","","","","","","",""
"131083","131083700195","江東区","東砂第四保育園","ヒガシスナダイヨンホイクエン","","131083","","東京都江東区東砂7-17-35-101","東京都","江東区","東砂7丁目","17-35-101","","35.674038","139.838945","","","事務室","(03)3648-7750","","","","","1360074","6000020131083","","月火水木金土","07:30:00","19:30:00","祝日・年末年始除く","","","","","","","",""
"131083","131083700196","江東区","第二砂町中学校","ダイニスナマチチュウガッコウ","","131083","","東京都江東区東砂8-10-9","東京都","江東区","東砂8丁目","10-9","","35.674913","139.838754","階数","1","1階西昇降口 主事室前","(03)3640-5322","","","","","1360074","6000020131083","","月火水木金","08:00:00","16:00:00","学校開庁日","","","","","","","",""
"131083","131083700197","江東区","第五砂町小学校","ダイゴスナマショウガッコウ","","131083","","東京都江東区東砂8-11-5","東京都","江東区","東砂8丁目","11-5","","35.667061","139.838908","階数","1","1階正面玄関 主事室前","(03)3646-4474","","","","","1360074","6000020131083","","月火水木金","08:00:00","16:00:00","学校開庁日","","","","","","","",""
"131083","131083700198","江東区","深川老人福祉センター","フカガワロウジンフクシセンター","","131083","","東京都江東区平野1-2-3","東京都","江東区","平野1丁目","2-3","","35.678483","139.798650","階数","1","１階事務室","(03)3643-1902","","","","","1350023","6000020131083","","月火水木金土日","09:00:00","21:30:00","年末年始第２・４日曜除く","","","","","","","",""
"131083","131083700199","江東区","深川北スポーツセンター","フカガワキタスポーツセンター","","131083","","東京都江東区平野3-2-20","東京都","江東区","平野3丁目","2-20","","35.676881","139.805101","階数","1","１Fロビー","(03)3820-8730","","","","","1350023","6000020131083","","月火水木金土日","08:30:00","22:00:00","休館日等除く","","","","","","","",""
"131083","131083700200","江東区","深川第六中学校","フカガワダイロクチュウガッコウ","","131083","","東京都江東区平野3-6-13","東京都","江東区","平野3丁目","6-13","","35.678866","139.805636","階数","2","2階玄関","(03)3642-4868","","","","","1350023","6000020131083","","月火水木金","08:00:00","16:00:00","学校開庁日","","","","","","","",""
"131083","131083700201","江東区","深川一丁目保育園","フカガワイッチョウメホイクエン","","131083","","東京都江東区深川1-6-15-101","東京都","江東区","深川1丁目","6-15-101","","35.677514","139.796537","","","事務室","(03)3643-4845","","","","","1350033","6000020131083","","月火水木金土","07:30:00","19:30:00","祝日・年末年始除く","","","","","","","",""
"131083","131083700202","江東区","明治小学校","メイジショウガッコウ","","131083","","東京都江東区深川2-17-26","東京都","江東区","深川2丁目","17-26","","35.676239","139.797777","階数","1","1階正面玄関 主事室前","(03)3641-0550","","","","","1350033","6000020131083","","月火水木金","08:00:00","16:00:00","学校開庁日","","","","","","","",""
"131083","131083700203","江東区","深川第二中学校","フカガワダイニチュウガッコウ","","131083","","東京都江東区冬木22-10","東京都","江東区","冬木","22-10","","35.676298","139.800660","階数","1","1階正面玄関 主事室前","(03)3641-2877","","","","","1350041","6000020131083","","月火水木金","08:00:00","16:00:00","学校開庁日","","","","","","","",""
"131083","131083700204","江東区","古石場福祉会館","フルイシバフクシカイカン","","131083","","東京都江東区古石場1-11-11","東京都","江東区","古石場1丁目","11-11","","35.669226","139.794725","階数","2","2F事務所","(03)3641-9531","","","","","1350045","6000020131083","","月火水木金土日","09:00:00","18:00:00","第２・４日曜・祝日・年末年始除く","","","","","","","",""
"131083","131083700205","江東区","ちどり幼稚園","チドリヨウチエン","","131083","","東京都江東区古石場1-11-11","東京都","江東区","古石場1丁目","11-11","","35.669206","139.794839","階数","1","1階玄関 職員室横","(03)3642-1460","","","","","1350045","6000020131083","","月火水木金","08:00:00","16:00:00","学校開庁日","","","","","","","",""
"131083","131083700206","江東区","古石場文化センター","フルイシバブンカセンター","","131083","","東京都江東区古石場2-13-2","東京都","江東区","古石場2丁目","13-2","","35.666898","139.798983","階数","1","1F事務所内","(03)5620-0224","","","","","1350045","6000020131083","","月火水木金土日","09:00:00","22:00:00","年末年始第1・3月曜除く","","","","","","","",""
"131083","131083700207","江東区","古石場高齢者在宅サービスセンター","フルイシバコウレイシャザイタクサービスセンター","","131083","","東京都江東区古石場2-14-1-101","東京都","江東区","古石場2丁目","14-1-101","","35.666985","139.800185","階数","1","1F事務所内","(03)3641-2671","","","","","1350045","6000020131083","","月火水木金土","08:30:00","18:00:00","祝日・年末年始除く","","","","","","","",""
"131083","131083700208","江東区","古石場保育園","フルイシバホイクエン","","131083","","東京都江東区古石場2-14-1-102","東京都","江東区","古石場2丁目","14-1-102","","35.667148","139.799798","","","事務室","(03)3643-0593","","","","","1350045","6000020131083","","月火水木金土","07:30:00","19:30:00","祝日・年末年始除く","","","","","","","",""
"131083","131083700209","江東区","第二南砂中学校","ダイニミナミスナチュウガッコウ","","131083","","東京都江東区南砂1-2-18","東京都","江東区","南砂1丁目","2-18","","35.678155","139.820941","階数","1","1階正面玄関 主事室前","(03)3699-1591","","","","","1360076","6000020131083","","月火水木金","08:00:00","16:00:00","学校開庁日","","","","","","","",""
"131083","131083700210","江東区","南砂第二保育園","ミナミスナダイニホイクエン","","131083","","東京都江東区南砂2-3-1-101","東京都","江東区","南砂2丁目","3-1-101","","35.670276","139.822002","階数","1","1F玄関横","(03)3649-1766","","","","","1360076","6000020131083","","月火水木金土","07:30:00","20:30:00","祝日・年末年始除く","","","","","","","",""
"131083","131083700211","江東区","第四砂町小学校","ダイヨンスナマチショウガッコウ","","131083","","東京都江東区南砂2-13-18","東京都","江東区","南砂2丁目","13-18","","35.675144","139.821752","階数","1","1階職員玄関 主事室前廊下","(03)3644-0348","","","","","1360076","6000020131083","","月火水木金","08:00:00","16:00:00","学校開庁日","","","","","","","",""
"131083","131083700212","江東区","南砂児童館","ミナミスナジドウカン","","131083","","東京都江東区南砂2-3-17","東京都","江東区","南砂2丁目","3-17","","35.671091","139.823217","階数","1","１階事務室","(03)3649-8507","","","","","1360076","6000020131083","","火水木金土日","09:00:00","17:00:00","祝日年末年始第１・３・５日曜除く","","","","","","","",""
"131083","131083700213","江東区","南砂中学校","ミナミスナチュウガッコウ","","131083","","東京都江東区南砂2-3-20","東京都","江東区","南砂2丁目","3-20","","35.673298","139.823699","階数","1","1階正面玄関 主事室横","(03)3649-2152","","","","","1360076","6000020131083","","月火水木金","08:00:00","16:00:00","学校開庁日","","","","","","","",""
"131083","131083700214","江東区","南砂小学校","ミナミスナショウガッコウ","","131083","","東京都江東区南砂2-3-21","東京都","江東区","南砂2丁目","3-21","","35.671835","139.825039","階数","1","1階正面玄関 主事室前","(03)3645-5008","","","","","1360076","6000020131083","","月火水木金","08:00:00","16:00:00","学校開庁日","","","","","","","",""
"131083","131083700215","江東区","みどり幼稚園","ミドリヨウチエン","","131083","","東京都江東区南砂2-3-3-101","東京都","江東区","南砂2丁目","3-3-101","","35.673280","139.822884","階数","1","1階玄関 入口横","(03)3649-5840","","","","","1360076","6000020131083","","月火水木金","08:00:00","16:00:00","学校開庁日","","","","","","","",""
"131083","131083700216","江東区","南砂第三保育園","ミナミスナダイサンホイクエン","","131083","","東京都江東区南砂2-3-3-102","東京都","江東区","南砂2丁目","3-3-102","","35.673343","139.822700","","","事務室","(03)3649-1767","","","","","1360076","6000020131083","","月火水木金土","07:30:00","19:30:00","祝日・年末年始除く","","","","","","","",""
"131083","131083700217","江東区","南砂第四保育園","ミナミスナダイヨンホイクエン","","131083","","東京都江東区南砂2-3-4-101","東京都","江東区","南砂2丁目","3-4-101","","35.671841","139.823208","","","事務室","(03)3649-2143","","","","","1360076","6000020131083","","月火水木金土","07:30:00","20:30:00","祝日・年末年始除く","","","","","","","",""
"131083","131083700218","江東区","南砂高齢者在宅サービスセンター","ミナミスナコウレイシャザイタクサービスセンター","","131083","","東京都江東区南砂2-3-5-102","東京都","江東区","南砂2丁目","3-5-102","","35.670794","139.822728","階数","1","１F事務室内","(03)3615-1081","","","","","1360076","6000020131083","","月火水木金土","08:30:00","17:30:00","祝日・年末年始除く","","","","","","","",""
"131083","131083700219","江東区","南砂第五保育園","ミナミスナダイゴホイクエン","","131083","","東京都江東区南砂2-3-6-103","東京都","江東区","南砂2丁目","3-6-103","","35.670622","139.823626","","","事務室","(03)3649-2144","","","","","1360076","6000020131083","","月火水木金土","07:30:00","19:30:00","祝日・年末年始除く","","","","","","","",""
"131083","131083700220","江東区","第三砂町中学校","ダイサンスナマチチュウガッコウ","","131083","","東京都江東区南砂3-10-3","東京都","江東区","南砂3丁目","10-3","","35.670189","139.829709","階数","1","1階正面玄関 主事室前","(03)3646-4471","","","","","1360076","6000020131083","","月火水木金","08:00:00","16:00:00","学校開庁日","","","","","","","",""
"131083","131083700221","江東区","南砂町駅地下自転車駐車場","ミナミスナマチエキチカジテンシャチュウシャジョウ","","131083","","東京都江東区南砂3-14","東京都","江東区","南砂3丁目","14","","35.669018","139.831701","","","管理室","(03)3644-1761","","","","","1360076","6000020131083","","月火水木金土日","04:45:00","01:15:00","","","","","","","","",""
"131083","131083700222","江東区","南砂子ども家庭支援センター","ミナミスナコドモカテイシエンセンター","","131083","","東京都江東区南砂3-14-1-101","東京都","江東区","南砂3丁目","14-1-101","","35.668813","139.831886","階数","1","１階 職員出入り口棚","(03)5617-8106","","","","","1360076","6000020131083","","月火水木金土","09:00:00","18:00:00","祝日・年末年始除く","","","","","","","",""
"131083","131083700223","江東区","城東南部保健相談所","ジョウトウナンブホケンソウダンジョ","","131083","","東京都江東区南砂4-3-10","東京都","江東区","南砂4丁目","3-10","","35.674304","139.827701","階数","3","３階事務室","(03)5606-5001","","","","","1360076","6000020131083","","月火水木金","08:30:00","17:00:00","祝日・年末年始除く","","","","","","","",""
"131083","131083700224","江東区","南砂第一保育園","ミナミスナダイイチホイクエン","","131083","","東京都江東区南砂4-4-1-102","東京都","江東区","南砂4丁目","4-1-102","","35.674737","139.828931","","","事務室","(03)3644-1706","","","","","1360076","6000020131083","","月火水木金土","07:30:00","19:30:00","祝日・年末年始除く","","","","","","","",""
"131083","131083700225","江東区","第三砂町小学校","ダイサンスナマチショウガッコウ","","131083","","東京都江東区南砂6-3-13","東京都","江東区","南砂6丁目","3-13","","35.672809","139.833372","階数","1","1階正面玄関 主事室前","(03)3646-4471","","","","","1360076","6000020131083","","月火水木金","08:00:00","16:00:00","学校開庁日","","","","","","","",""
"131083","131083700226","江東区","きっずクラブ南砂六丁目","キッズクラブミナミスナロクチョウメ","","131083","","東京都江東区南砂6-5-2-101","東京都","江東区","南砂6丁目","5-2-101","","35.673054","139.835144","","","事務室","(03)3640-5479","","","","","1360076","6000020131083","","月火水木金","15:00:00","19:00:00","学校休業日・土8:30-17:00","","","","","","","",""
"131083","131083700227","江東区","江東図書館","コウトウトショカン","","131083","","東京都江東区南砂6-7-52","東京都","江東区","南砂6丁目","7-52","","35.671909","139.834086","階数","1","１階カウンター","(03)3640-3151","","","","","1360076","6000020131083","","月火水木金土日","09:00:00","20:00:00","日曜祝日は19:00,年末年始休館日除く","","","","","","","",""
"131083","131083700228","江東区","南砂出張所","ミナミスナシュッチョウジョ","","131083","","東京都江東区南砂6-8-3","東京都","江東区","南砂6丁目","8-3","","35.671161","139.834861","階数","1","１F出張所内","(03)3640-5355","","","","","1360076","6000020131083","","月火水木金","08:30:00","17:00:00","祝日・年末年始除く","","","","","","","",""
"131083","131083700229","江東区","南砂さくら保育園","ミナミスナサクラホイクエン","","131083","","東京都江東区南砂6-8-3","東京都","江東区","南砂6丁目","8-3","","35.671087","139.835142","階数","1","1F事務室玄関側窓","(03)5690-2190","","","","","1360076","6000020131083","","月火水木金土","07:30:00","20:30:00","祝日・年末年始除く","","","","","","","",""
"131083","131083700230","江東区","城東保育園","ジョウトウホイクエン","","131083","","東京都江東区南砂7-9-11","東京都","江東区","南砂7丁目","9-11","","35.669831","139.835307","","","事務室","(03)3646-7087","","","","","1360076","6000020131083","","月火水木金土","07:30:00","19:30:00","祝日・年末年始除く","","","","","","","",""
"131083","131083700231","江東区","深川第七中学校","フカガワダイナナチュウガッコウ","","131083","","東京都江東区毛利1-14-1","東京都","江東区","毛利1丁目","14-1","","35.691340","139.813713","階数","1","1階正面玄関 主事室前","(03)3631-5990","","","","","1350001","6000020131083","","月火水木金","08:00:00","16:00:00","学校開庁日","","","","","","","",""
"131083","131083700232","江東区","第二あすなろ作業所","ダイニアスナロサギョウショ","","131083","","東京都江東区毛利2-1-14","東京都","江東区","毛利2丁目","1-14","","35.690712","139.816454","","","事務所内","(03)3846-6508","","","","","1350001","6000020131083","","月火水木金","09:00:00","17:00:00","年末年始夏季休業日除く","","","","","","","",""
"131083","131083700233","江東区","毛利保育園","モウリホイクエン","","131083","","東京都江東区毛利2-1-14","東京都","江東区","毛利2丁目","1-14","","35.690724","139.816691","","","事務室内","(03)3631-0692","","","","","1350001","6000020131083","","月火水木金土","07:30:00","20:30:00","祝日・年末年始除く","","","","","","","",""
"131083","131083700234","江東区","毛利小学校","モウリショウガッコウ","","131083","","東京都江東区毛利2-2-2","東京都","江東区","毛利2丁目","2-2","","35.691365","139.816285","階数","1","1階正面玄関 主事室前","(03)3631-1647","","","","","1350001","6000020131083","","月火水木金","08:00:00","16:00:00","学校開庁日","","","","","","","",""
"131083","131083700235","江東区","森下駅地下自転車駐車場","モリシタエキチカジテンシャチュウシャジョウ","","131083","","東京都江東区森下2-30-7先","東京都","江東区","森下2丁目","30-7 先","","35.685276","139.802113","","","管理室","(03)5600-8666","","","","","1350004","6000020131083","","月火水木金土日","04:45:00","01:15:00","","","","","","","","",""
"131083","131083700236","江東区","森下文化センター","モリシタブンカセンター","","131083","","東京都江東区森下3-12-17","東京都","江東区","森下3丁目","12-17","","35.685276","139.802113","階数","1","1Fロビー（事務所前）","(03)5600-8666","","","","","1350004","6000020131083","","月火水木金土日","09:00:00","22:00:00","年末年始第1・3月曜除く","","","","","","","",""
"131083","131083700237","江東区","森下保育園","モリシタホイクエン","","131083","","東京都江東区森下3-14-6","東京都","江東区","森下3丁目","14-6","","35.686076","139.803062","","","事務室","(03)3635-1537","","","","","1350004","6000020131083","","月火水木金土","07:30:00","19:30:00","祝日・年末年始除く","","","","","","","",""
"131083","131083700238","江東区","深川第一中学校","フカガワダイイチチュウガッコウ","","131083","","東京都江東区森下4-9-22","東京都","江東区","森下4丁目","9-22","","35.685252","139.805791","階数","1","1階玄関 突き当り廊下の壁","(03)3631-3241","","","","","1350004","6000020131083","","月火水木金","08:00:00","16:00:00","学校開庁日","","","","","","","",""
"131083","131083700239","江東区","深川老人福祉センター森下分館","フカガワロウジンフクシセンターモリシタブンカン","","131083","","東京都江東区森下5-11-1","東京都","江東区","森下5丁目","11-1","","35.684832","139.808896","階数","1","１階健康相談室","(03)5624-6030","","","","","1350004","6000020131083","","月火水木金土日","09:00:00","21:30:00","年末年始第２・４日曜除く","","","","","","","",""
"131083","131083700240","江東区","臨海小学校","リンカイショウガッコウ","","131083","","東京都江東区門前仲町1-1-6","東京都","江東区","門前仲町1丁目","1-6","","35.672452","139.792954","階数","1","1階正面玄関","(03)3641-0403","","","","","1350048","6000020131083","","月火水木金","08:00:00","16:00:00","学校開庁日","","","","","","","",""
"131083","131083700241","江東区","深川東京モダン館","フカガワトウキョウモダンカン","","131083","","東京都江東区門前仲町1-19-15","東京都","江東区","門前仲町1丁目","19-15","","35.674092","139.794915","階数","1","1Fカウンター内","(03)5639-1776","","","","","1350048","6000020131083","","火水木金土日","10:00:00","18:00:00","年末年始除く","","","","","","","",""
"131083","131083700242","江東区","夢の島総合運動場","ユメノシマソウゴウウンドウジョウ","","131083","","東京都江東区夢の島1-1-1","東京都","江東区","夢の島1丁目","1-1","","35.650166","139.823387","","","管理事務所","(03)3521-8265","","","","","1360081","6000020131083","","月火水木金土日","06:00:00","21:00:00","第２・４月曜日、年末年始除く（季節により短縮あり）","","","","","","","",""
"131083","131083700243","江東区","夢の島スケートボードパーク","ユメノシマスケートボードパーク","","131083","","東京都江東区夢の島1-1-1","東京都","江東区","夢の島1丁目","1-1","","35.654260","139.822598","","","管理事務所","(080)7008-9761","","","","","1360081","6000020131083","","月火水木金土日","09:00:00","20:00:00","第２・４月曜日、年末年始除く（季節により短縮あり）","","","","","","","",""
"131083","131083700244","江東区","夢の島競技場","ユメノシマキョウギジョウ","","131083","","東京都江東区夢の島1-1-2","東京都","江東区","夢の島1丁目","1-2","","35.648514","139.823658","","","競技場ロビー","(03)3533-0846","","","","","1360081","6000020131083","","月火水木金土日","09:00:00","18:00:00","第２・４月曜日、年末年始除く（季節により短縮あり）","","","","","","","",""
"131083","131083700245","江東区","夢の島区民農園","ユメノシマクミンノウエン","","131083","","東京都江東区夢の島1-1-2","東京都","江東区","夢の島1丁目","1-2","","35.647474","139.822650","","","管理棟","(03)3521-9301","","","","","1360081","6000020131083","","月火水木金土日","09:00:00","17:00:00","","","","","","","","",""
"131083","131083700246","江東区","若洲公園","ワカスコウエン","","131083","","東京都江東区若洲3-2-1","東京都","江東区","若洲3丁目","2-1","","35.618649","139.833833","","","サービスセンター","(03)5569-6701","","","","","1360083","6000020131083","","月火水木金土日","09:00:00","17:00:00","","","","","","","","",""
